row_type,discovery_cases_run,successful_discovery_cases,failed_to_converge_cases,component_bridge_candidate_count,component_near_miss_count,bridge_ratio_gt_1p5_found,bridge_ratio_gt_1p5_cases,controls_remained_dead,max_control_leakage_score,closest_component_case,closest_component_variant,closest_component_bridge_ratio,closest_component_lock,closest_component_purity,closest_component_stress,successful_or_near_miss_realism,failed_convergence_cases,recommended_next_step,case_id,circuit,role,control_kind,nonlinear_variant,component_family,variant_description,netlist_path,execution_status,convergence_failure_reason,source_frequency_hz,generated_frequency_hz,target_frequency_hz,nominal_target_frequency_hz,direct_8_drive_present,direct_12_drive_present,target_frequency_injection_present,component_realism_score,promotion_category,spice_phase_lock_target,spice_phase_extraction_stable,spice_bridge_ratio,spice_spectral_purity_target,spice_generated_envelope_cv,spice_target_envelope_cv,spice_max_phase_jump,spice_near_slip_count,spice_target_rms_v,spice_generated_rms_v,spice_target_projection_power,spice_target_voltage_growth_ratio,spice_fft_peak_source_hz,spice_fft_peak_source_amp,spice_fft_peak_generated_hz,spice_fft_peak_generated_amp,spice_fft_peak_target_hz,spice_fft_peak_target_amp,target_band_growth,source_fft_peak,generated_fft_peak,target_fft_peak,phase_lock_target,spectral_purity_target,generated_envelope_CV,max_phase_jump,diode_saturation_current,diode_emission_coefficient,junction_capacitance_scale,varactor_C0_scale,varactor_voltage_coefficient,varactor_exponent,saturable_inductor_L0_scale,saturation_current_scale,core_nonlinearity_exponent,coupling_scale,drive_amplitude_scale,limiter_loss_scale,source_load_impedance_scale,solver_tolerance_profile,max_timestep_profile,bridge_ratio_vs_direct_4plus8_reference,python_lc_distance,required_drive_voltage,peak_diode_current,peak_varactor_voltage,peak_inductor_current,estimated_component_stress,component_stress_label,passivity_flag,linear_control_leakage_score
aggregate,40,38,2,0,0,True,c008;c013;c018;c023;c028;c033,False,0.600079139285388,c018,back_to_back_varactor_stack,1.5738780857154664,0.016446472307288146,0.9864243781864668,plausible,none_promoted,c015;c035,deeper component sweep and spatial phase-matching model before physical parameter refinement,,,,,,,,,,,,,,,,,,,,,,,,,,,,,,,,,,,,,,,,,,,,,,,,,,,,,,,,,,,,,,,,,,,,,,
component_realism_reference,,,,,,,,,,,,,,,,,,,direct_4plus8_ceiling_reference,ref_direct_4plus8_c0p75_d1p5_l0p5_z20_vc0p5_conservative_m0p5,ceiling_reference,direct_4plus8_ceiling_reference,direct_4plus8_ceiling_reference,reference,Separated direct 4+8 drive reference used only as the bridge-ratio denominator.,runs\spice_412_component_realism\ref_direct_4plus8_c0p75_d1p5_l0p5_z20_vc0p5_conservative_m0p5.cir,ran_successfully,,0.18,0.36159299999999994,0.5358525808263697,0.54,True,False,False,,ceiling_reference_not_discovery,0.9930761690457404,True,nan,0.30595747637099696,0.046774910798764266,0.10655072662869282,0.3227654563669695,0.0,0.0065995496470701185,0.5748342437371178,1.3325688920008628e-05,1.4175812315840153,0.1770900920260553,144.5674265213092,0.3618797532706347,293.71597965158014,0.3618797532706347,2.807181589808503,0.0,0.1770900920260553,0.3618797532706347,0.3618797532706347,0.9930761690457404,0.30595747637099696,0.046774910798764266,0.3227654563669695,,,,,,,,,,,,,,,,,,,,,,,,,
component_realism_reference,,,,,,,,,,,,,,,,,,,direct_4plus8_ceiling_reference,ref_direct_4plus8_c1_d1_l1_z100_vc1_default_m1,ceiling_reference,direct_4plus8_ceiling_reference,direct_4plus8_ceiling_reference,reference,Separated direct 4+8 drive reference used only as the bridge-ratio denominator.,runs\spice_412_component_realism\ref_direct_4plus8_c1_d1_l1_z100_vc1_default_m1.cir,ran_successfully,,0.18,0.36159299999999994,0.5358525808263697,0.54,True,False,False,,ceiling_reference_not_discovery,0.9375905943431901,True,nan,0.04394406163720861,0.04596609653323969,0.2810938406209402,1.0087903673633178,1.0,0.009304564150085438,0.42722228278088265,3.8044533580652158e-06,1.129261902247229,0.1770900920260553,195.3111845775362,0.3618797532706347,217.7967764910584,0.3618797532706347,4.627661479183998,0.0,0.1770900920260553,0.3618797532706347,0.3618797532706347,0.9375905943431901,0.04394406163720861,0.04596609653323969,1.0087903673633178,,,,,,,,,,,,,,,,,,,,,,,,,
component_realism_reference,,,,,,,,,,,,,,,,,,,direct_4plus8_ceiling_reference,ref_direct_4plus8_c1p25_d1p5_l2_z100_vc1_default_m1,ceiling_reference,direct_4plus8_ceiling_reference,direct_4plus8_ceiling_reference,reference,Separated direct 4+8 drive reference used only as the bridge-ratio denominator.,runs\spice_412_component_realism\ref_direct_4plus8_c1p25_d1p5_l2_z100_vc1_default_m1.cir,ran_successfully,,0.18,0.36159299999999994,0.5358525808263697,0.54,True,False,False,,ceiling_reference_not_discovery,0.9895170153044907,True,nan,0.2290838430247726,0.046171917183654425,0.1260104708677857,0.36988066529649277,0.0,0.01278548525399812,0.5437326975390124,3.744802270292808e-05,1.1775290288448488,0.1770900920260553,167.68860961895055,0.3618797532706347,277.6201096601208,0.3618797532706347,5.72633281276938,0.0,0.1770900920260553,0.3618797532706347,0.3618797532706347,0.9895170153044907,0.2290838430247726,0.046171917183654425,0.36988066529649277,,,,,,,,,,,,,,,,,,,,,,,,,
component_realism_reference,,,,,,,,,,,,,,,,,,,direct_4plus8_ceiling_reference,ref_direct_4plus8_c1p25_d1p5_l2_z100_vc4_default_m1,ceiling_reference,direct_4plus8_ceiling_reference,direct_4plus8_ceiling_reference,reference,Separated direct 4+8 drive reference used only as the bridge-ratio denominator.,runs\spice_412_component_realism\ref_direct_4plus8_c1p25_d1p5_l2_z100_vc4_default_m1.cir,ran_successfully,,0.18,0.36159299999999994,0.5358525808263697,0.54,True,False,False,,ceiling_reference_not_discovery,0.37847504382929925,True,nan,0.0010517086804590953,0.05051556840605586,0.46994786796931376,3.0682966040286246,21.0,0.02218728922089261,0.21449499307729553,5.17730735165138e-07,1.0352661517898258,0.1770900920260553,185.84019670281083,0.3618797532706347,109.83692499535627,0.3618797532706347,11.453171234479854,0.0,0.1770900920260553,0.3618797532706347,0.3618797532706347,0.37847504382929925,0.0010517086804590953,0.05051556840605586,3.0682966040286246,,,,,,,,,,,,,,,,,,,,,,,,,
component_realism_reference,,,,,,,,,,,,,,,,,,,direct_4plus8_ceiling_reference,ref_direct_4plus8_c1p5_d2_l1_z100_vc0p02_default_m1,ceiling_reference,direct_4plus8_ceiling_reference,direct_4plus8_ceiling_reference,reference,Separated direct 4+8 drive reference used only as the bridge-ratio denominator.,runs\spice_412_component_realism\ref_direct_4plus8_c1p5_d2_l1_z100_vc0p02_default_m1.cir,ran_successfully,,0.18,0.36159299999999994,0.5358525808263697,0.54,True,False,False,,ceiling_reference_not_discovery,0.9958207623440275,True,nan,0.8734360269070021,0.04567944415635633,0.049908065009786576,0.2219365849268673,0.0,0.032302699343198356,0.6964970765224636,0.0009113993865285169,1.6487242941136504,0.1770900920260553,109.66626372093612,0.3618797532706347,355.4901306008247,0.53896984529669,15.944243059020954,1.6487242941136504,0.1770900920260553,0.3618797532706347,0.53896984529669,0.9958207623440275,0.8734360269070021,0.04567944415635633,0.2219365849268673,,,,,,,,,,,,,,,,,,,,,,,,,
component_realism_reference,,,,,,,,,,,,,,,,,,,direct_4plus8_ceiling_reference,ref_direct_4plus8_c1p5_d2_l1_z500_vc2_relaxed_m2,ceiling_reference,direct_4plus8_ceiling_reference,direct_4plus8_ceiling_reference,reference,Separated direct 4+8 drive reference used only as the bridge-ratio denominator.,runs\spice_412_component_realism\ref_direct_4plus8_c1p5_d2_l1_z500_vc2_relaxed_m2.cir,ran_successfully,,0.18,0.36159299999999994,0.5358525808263697,0.54,True,False,False,,ceiling_reference_not_discovery,0.9054227411856375,True,nan,0.03060862367602578,0.0473641946818196,0.3609680076071814,1.3835742081669808,3.0,0.0208463763390712,0.43474248287695333,1.3301632641007237e-05,0.904524752768587,0.1770900920260553,235.5092711275313,0.3618797532706347,222.48149911156193,0.3618797532706347,10.522858697411067,0.0,0.1770900920260553,0.3618797532706347,0.3618797532706347,0.9054227411856375,0.03060862367602578,0.0473641946818196,1.3835742081669808,,,,,,,,,,,,,,,,,,,,,,,,,
component_realism,,,,,,,,,,,,,,,,,,,c001,c001_apd_c1_d1_l1_z100_default_m1,discovery,,anti_parallel_diode_mixer,diode,Anti-parallel diode mixers between adjacent tanks.,runs\spice_412_component_realism\c001_apd_c1_d1_l1_z100_default_m1.cir,ran_successfully,,0.18,0.36159299999999994,0.5358525808263697,0.54,False,False,False,0.76,reject_due_to_control_leakage,0.028333065249712495,True,1.915933014366547e-05,0.07566824952837918,0.4864998949879428,0.25715595707448347,2.7130465002741566,43.0,3.1036979450129724e-05,0.013494752493988404,7.28907779033482e-11,0.7761681580059961,0.1770900920260553,142.38329337750915,0.1770900920260553,6.563104826099628,0.1770900920260553,0.014488765503239263,0.0,0.1770900920260553,0.1770900920260553,0.1770900920260553,0.028333065249712495,0.07566824952837918,0.4864998949879428,2.7130465002741566,1e-12,1.7,1.0,1.0,1.0,0.5,1.0,1.0,3.0,1.0,1.0,1.0,100.0,default,1.0,1.915933014366547e-05,12.259025806557819,0.06189358898018153,1.287923718350762e-08,0.4158712845139358,0.4724083583427754,0.4724083583427754,plausible,True,0.600079139285388
component_realism,,,,,,,,,,,,,,,,,,,c002,c002_apd_c1p25_d1p5_l2_z100_default_m1,discovery,,anti_parallel_diode_mixer,diode,Anti-parallel diode mixers between adjacent tanks.,runs\spice_412_component_realism\c002_apd_c1p25_d1p5_l2_z100_default_m1.cir,ran_successfully,,0.18,0.36159299999999994,0.5358525808263697,0.54,False,False,False,0.76,reject_due_to_control_leakage,0.018594896837897786,True,0.03027798917466447,0.9907981049125206,0.5156973676890072,0.03994815455730149,2.7137231660100696,42.0,0.0010697575906243237,0.023179855194405463,1.1338508260118455e-06,1.5839003067384931,0.1770900920260553,63.90466249211828,0.1770900920260553,11.307473149133191,0.53896984529669,0.5584158735448842,1.5839003067384931,0.1770900920260553,0.1770900920260553,0.53896984529669,0.018594896837897786,0.9907981049125206,0.5156973676890072,2.7137231660100696,1e-12,1.7,1.0,1.0,1.0,0.5,1.0,1.0,3.0,1.25,1.5,2.0,100.0,default,1.0,0.03027798917466447,9.220082847674012,0.09284038347027229,6.156239740802423e-11,0.18176374531571352,0.2115131835986865,0.2115131835986865,plausible,True,0.600079139285388
component_realism,,,,,,,,,,,,,,,,,,,c003,c003_apd_c1p25_d1p5_l2_z100_default_m1,discovery,,anti_parallel_diode_mixer,diode,Anti-parallel diode mixers between adjacent tanks.,runs\spice_412_component_realism\c003_apd_c1p25_d1p5_l2_z100_default_m1.cir,ran_successfully,,0.18,0.36159299999999994,0.5358525808263697,0.54,False,False,False,0.76,reject_due_to_control_leakage,0.01607174631826026,True,1.4042045652545048,0.9844911885590285,0.5168295170728613,0.04396581716011195,2.7030484631110028,41.0,0.0008593325204015263,0.023330449690878188,7.269998618914577e-07,0.9153768446886396,0.1770900920260553,63.32186998210217,0.1770900920260553,11.38891486285441,0.53896984529669,0.45418608392817766,0.9153768446886396,0.1770900920260553,0.1770900920260553,0.53896984529669,0.01607174631826026,0.9844911885590285,0.5168295170728613,2.7030484631110028,1e-10,1.7,4.0,4.0,0.5,0.5,1.0,1.0,3.0,1.25,1.5,2.0,100.0,default,1.0,1.4042045652545048,7.825133954647033,0.09284038347027229,6.101956991939827e-09,0.1813807893316071,0.2095732463282636,0.2095732463282636,plausible,True,0.600079139285388
component_realism,,,,,,,,,,,,,,,,,,,c004,c004_apd_c1p5_d2_l1_z500_relaxed_m2,discovery,,anti_parallel_diode_mixer,diode,Anti-parallel diode mixers between adjacent tanks.,runs\spice_412_component_realism\c004_apd_c1p5_d2_l1_z500_relaxed_m2.cir,ran_successfully,,0.18,0.36159299999999994,0.5358525808263697,0.54,False,False,False,0.76,reject_due_to_control_leakage,0.02243750975404392,True,1.3468095171938736e-05,0.18447850238837532,0.47747838922889646,0.15340484924626643,3.0847365322450173,43.0,3.116252792528457e-05,0.008768098345977103,1.7914765435125227e-10,0.5694574800890073,0.1770900920260553,131.00681687463174,0.1770900920260553,4.2366379324889945,0.1770900920260553,0.01354615212305198,0.0,0.1770900920260553,0.1770900920260553,0.1770900920260553,0.02243750975404392,0.18447850238837532,0.47747838922889646,3.0847365322450173,1e-12,1.2,2.0,2.0,1.0,0.5,0.75,0.5,5.0,1.5,2.0,1.0,500.0,relaxed,2.0,1.3468095171938736e-05,12.206915284283916,0.12378717796036307,1.844737279158033e-06,0.44755184406909415,0.6614864738474452,0.6614864738474452,aggressive,True,0.600079139285388
component_realism,,,,,,,,,,,,,,,,,,,c005,c005_apd_c0p75_d1p5_l0p5_z20_conservative_m0p5,discovery,,anti_parallel_diode_mixer,diode,Anti-parallel diode mixers between adjacent tanks.,runs\spice_412_component_realism\c005_apd_c0p75_d1p5_l0p5_z20_conservative_m0p5.cir,ran_successfully,,0.18,0.36159299999999994,0.5358525808263697,0.54,False,False,False,0.76,reject_due_to_control_leakage,0.01635581468478179,True,9.537678460778024e-05,0.7553399238817846,0.46148709701101814,0.06325164410795536,2.799930195387333,44.0,4.101993366680645e-05,0.010678065994370616,1.2709613618739466e-09,3.340203570495565,0.1770900920260553,445.09328658325745,0.1770900920260553,5.1780344786239665,0.53896984529669,0.018945798219405972,3.340203570495565,0.1770900920260553,0.1770900920260553,0.53896984529669,0.01635581468478179,0.7553399238817846,0.46148709701101814,2.799930195387333,1e-14,2.2,0.5,0.5,2.0,0.5,1.0,1.0,3.0,0.75,1.5,0.5,20.0,conservative,0.5,9.537678460778024e-05,9.637007243673713,0.09284038347027229,9.56619021765768e-05,1.3069579542992327,1.481319411565134,1.481319411565134,aggressive,True,0.600079139285388
component_realism,,,,,,,,,,,,,,,,,,,c006,c006_bridge_c1_d1_l1_z100_default_m1,discovery,,diode_bridge_mixer,diode,Floating diode-bridge mixers with high-value leakage references.,runs\spice_412_component_realism\c006_bridge_c1_d1_l1_z100_default_m1.cir,ran_successfully,,0.18,0.36159299999999994,0.5358525808263697,0.54,False,False,False,0.72,reject_due_to_control_leakage,0.03247202495478421,True,0.0003172495229133023,0.47528537521221076,0.4902173994030176,0.08494849785550386,2.7971196549178927,43.0,5.0392905049807215e-05,0.013500878270177083,1.2069610127921007e-09,1.6381609625696378,0.1770900920260553,142.89784026430831,0.1770900920260553,6.565738793271054,0.53896984529669,0.018105948958547606,1.6381609625696378,0.1770900920260553,0.1770900920260553,0.53896984529669,0.03247202495478421,0.47528537521221076,0.4902173994030176,2.7971196549178927,1e-12,1.7,1.0,1.0,1.0,0.5,1.0,1.0,3.0,1.0,1.0,1.0,100.0,default,1.0,0.0003172495229133023,10.731072578578248,0.06189358898018153,1.3269898889307231e-08,0.41718433690597195,0.4737027779515826,0.4737027779515826,plausible,True,0.600079139285388
component_realism,,,,,,,,,,,,,,,,,,,c007,c007_bridge_c1p25_d1p5_l2_z100_default_m1,discovery,,diode_bridge_mixer,diode,Floating diode-bridge mixers with high-value leakage references.,runs\spice_412_component_realism\c007_bridge_c1p25_d1p5_l2_z100_default_m1.cir,ran_successfully,,0.18,0.36159299999999994,0.5358525808263697,0.54,False,False,False,0.72,reject_due_to_control_leakage,0.018909755154904062,True,0.03737918256640442,0.9915763739521234,0.5155714325654895,0.038835641919734896,2.7205402418015154,43.0,0.0011881362882031133,0.023156945068184404,1.399776477363606e-06,1.7139298675490946,0.1770900920260553,63.99344270268019,0.1770900920260553,11.294712611409526,0.53896984529669,0.6198743365545897,1.7139298675490946,0.1770900920260553,0.1770900920260553,0.53896984529669,0.018909755154904062,0.9915763739521234,0.5155714325654895,2.7205402418015154,1e-12,1.7,1.0,1.0,1.0,0.5,1.0,1.0,3.0,1.25,1.5,2.0,100.0,default,1.0,0.03737918256640442,9.221085644400063,0.09284038347027229,6.160205005548342e-11,0.18179158925520594,0.21181895324002142,0.21181895324002142,plausible,True,0.600079139285388
component_realism,,,,,,,,,,,,,,,,,,,c008,c008_bridge_c1p25_d1p5_l2_z100_default_m1,discovery,,diode_bridge_mixer,diode,Floating diode-bridge mixers with high-value leakage references.,runs\spice_412_component_realism\c008_bridge_c1p25_d1p5_l2_z100_default_m1.cir,ran_successfully,,0.18,0.36159299999999994,0.5358525808263697,0.54,False,False,False,0.72,reject_due_to_control_leakage,0.01751786020609064,True,1.647441888979745,0.9891548487196253,0.5166380369703116,0.04155386805474646,2.7009001067405904,42.0,0.000928591884897091,0.02322955570506562,8.52931300323327e-07,1.2842347606010147,0.1770900920260553,63.731933739641875,0.1770900920260553,11.334266949982169,0.53896984529669,0.4874467287054866,1.2842347606010147,0.1770900920260553,0.1770900920260553,0.53896984529669,0.01751786020609064,0.9891548487196253,0.5166380369703116,2.7009001067405904,1e-10,1.7,4.0,4.0,0.5,0.5,1.0,1.0,3.0,1.25,1.5,2.0,100.0,default,1.0,1.647441888979745,7.671731163509007,0.09284038347027229,6.155268637538115e-09,0.18175692357500162,0.21090006442976983,0.21090006442976983,plausible,True,0.600079139285388
component_realism,,,,,,,,,,,,,,,,,,,c009,c009_bridge_c1p5_d2_l1_z500_relaxed_m2,discovery,,diode_bridge_mixer,diode,Floating diode-bridge mixers with high-value leakage references.,runs\spice_412_component_realism\c009_bridge_c1p5_d2_l1_z500_relaxed_m2.cir,ran_successfully,,0.18,0.36159299999999994,0.5358525808263697,0.54,False,False,False,0.72,reject_due_to_control_leakage,0.0318147575121435,True,3.691041182497252e-07,0.004336328963702908,0.48722127514112323,0.3882052545932793,2.3431291972338,40.0,3.364850778746754e-05,0.008680746214757338,4.90968738724074e-12,0.9874755896006797,0.1770900920260553,129.65415900402994,0.1770900920260553,4.197242903085237,0.1770900920260553,0.016230572585440337,0.0,0.1770900920260553,0.1770900920260553,0.1770900920260553,0.0318147575121435,0.004336328963702908,0.48722127514112323,2.3431291972338,1e-12,1.2,2.0,2.0,1.0,0.5,0.75,0.5,5.0,1.5,2.0,1.0,500.0,relaxed,2.0,3.691041182497252e-07,12.158489274996398,0.12378717796036307,1.604251636034979e-06,0.44321898869300314,0.6520469935544282,0.6520469935544282,aggressive,True,0.600079139285388
component_realism,,,,,,,,,,,,,,,,,,,c010,c010_bridge_c0p75_d1p5_l0p5_z20_conservative_m0p5,discovery,,diode_bridge_mixer,diode,Floating diode-bridge mixers with high-value leakage references.,runs\spice_412_component_realism\c010_bridge_c0p75_d1p5_l0p5_z20_conservative_m0p5.cir,ran_successfully,,0.18,0.36159299999999994,0.5358525808263697,0.54,False,False,False,0.72,reject_due_to_control_leakage,0.03108274369320784,True,4.7115963065742624e-07,0.012223701647875859,0.4826654507179337,0.4750712104214034,3.1304610588563264,27.0,2.2663527156469304e-05,0.010732002466014546,6.278526669807022e-12,1.9320719234958408,0.1770900920260553,446.7617112396886,0.1770900920260553,5.226508605688925,0.1770900920260553,0.010966674734441408,0.0,0.1770900920260553,0.1770900920260553,0.1770900920260553,0.03108274369320784,0.012223701647875859,0.4826654507179337,3.1304610588563264,1e-14,2.2,0.5,0.5,2.0,0.5,1.0,1.0,3.0,0.75,1.5,0.5,20.0,conservative,0.5,4.7115963065742624e-07,12.908819964075018,0.09284038347027229,0.00010826321968203663,1.3139953528296884,1.4887641170549113,1.4887641170549113,aggressive,True,0.600079139285388
component_realism,,,,,,,,,,,,,,,,,,,c011,c011_vpair_c1_d1_l1_z100_default_m1,discovery,,varactor_pair_mixer,varactor,Opposed varactor diode pairs between adjacent tanks.,runs\spice_412_component_realism\c011_vpair_c1_d1_l1_z100_default_m1.cir,ran_successfully,,0.18,0.36159299999999994,0.5358525808263697,0.54,False,False,False,0.78,reject_due_to_control_leakage,0.02942726785628913,True,0.0007067195924224402,0.9243074367131398,0.49031811666541913,0.07937188474295735,2.813018343744531,43.0,5.39338563469182e-05,0.013538908784203534,2.688681726602033e-09,0.34273348348157245,0.1770900920260553,139.1018887864798,0.1770900920260553,6.590379759948314,0.53896984529669,0.026905283354833442,0.34273348348157245,0.1770900920260553,0.1770900920260553,0.53896984529669,0.02942726785628913,0.9243074367131398,0.49031811666541913,2.813018343744531,1e-12,1.7,1.0,1.0,1.0,0.5,1.0,1.0,3.0,1.0,1.0,1.0,100.0,default,1.0,0.0007067195924224402,8.978066265054059,0.06189358898018153,1.1123748424916652e-08,0.4094323786925462,0.46166999234402606,0.46166999234402606,plausible,True,0.600079139285388
component_realism,,,,,,,,,,,,,,,,,,,c012,c012_vpair_c1p25_d1p5_l2_z100_default_m1,discovery,,varactor_pair_mixer,varactor,Opposed varactor diode pairs between adjacent tanks.,runs\spice_412_component_realism\c012_vpair_c1p25_d1p5_l2_z100_default_m1.cir,ran_successfully,,0.18,0.36159299999999994,0.5358525808263697,0.54,False,False,False,0.78,reject_due_to_control_leakage,0.01627924051194128,True,0.020363156427812303,0.985727487918857,0.5174218122025416,0.04373620229376929,2.7034390820433174,41.0,0.0008795460058157251,0.023318743746266215,7.625599442119909e-07,0.9564528983012299,0.1770900920260553,63.3699075911167,0.1770900920260553,11.382238631258067,0.53896984529669,0.4652237254640652,0.9564528983012299,0.1770900920260553,0.1770900920260553,0.53896984529669,0.01627924051194128,0.985727487918857,0.5174218122025416,2.7034390820433174,1e-12,1.7,1.0,1.0,1.0,0.5,1.0,1.0,3.0,1.25,1.5,2.0,100.0,default,1.0,0.020363156427812303,9.214458299136309,0.09284038347027229,6.113994968921353e-11,0.1814660037502653,0.20969401740886753,0.20969401740886753,plausible,True,0.600079139285388
component_realism,,,,,,,,,,,,,,,,,,,c013,c013_vpair_c1p25_d1p5_l2_z100_default_m1,discovery,,varactor_pair_mixer,varactor,Opposed varactor diode pairs between adjacent tanks.,runs\spice_412_component_realism\c013_vpair_c1p25_d1p5_l2_z100_default_m1.cir,ran_successfully,,0.18,0.36159299999999994,0.5358525808263697,0.54,False,False,False,0.78,reject_due_to_control_leakage,0.024879716647353015,True,2.248285539112825,0.9076794753116296,0.5194014477409036,0.038131686768555065,2.733768264875593,43.0,0.0011324302184589133,0.02398829226970085,1.1640065250260317e-06,0.7966731773523938,0.1770900920260553,60.00358886626771,0.1770900920260553,11.727554051830351,0.53896984529669,0.5636421353514551,0.7966731773523938,0.1770900920260553,0.1770900920260553,0.53896984529669,0.024879716647353015,0.9076794753116296,0.5194014477409036,2.733768264875593,1e-10,1.7,4.0,4.0,0.5,0.5,1.0,1.0,3.0,1.25,1.5,2.0,100.0,default,1.0,2.248285539112825,8.069135214986941,0.09284038347027229,5.483016357368246e-09,0.1767606014376103,0.19870232910052535,0.19870232910052535,plausible,True,0.600079139285388
component_realism,,,,,,,,,,,,,,,,,,,c014,c014_vpair_c1p5_d2_l1_z500_relaxed_m2,discovery,,varactor_pair_mixer,varactor,Opposed varactor diode pairs between adjacent tanks.,runs\spice_412_component_realism\c014_vpair_c1p5_d2_l1_z500_relaxed_m2.cir,ran_successfully,,0.18,0.36159299999999994,0.5358525808263697,0.54,False,False,False,0.78,reject_due_to_control_leakage,0.03014254822697328,True,0.00018439654442664033,0.8725549078268527,0.49751786816361293,0.09067477806009212,2.76466500316252,43.0,5.301911582606018e-05,0.010343761643554028,2.45277509423434e-09,0.28842309491693635,0.1770900920260553,143.649378528456,0.1770900920260553,4.997208201889225,0.53896984529669,0.025632582685341382,0.28842309491693635,0.1770900920260553,0.1770900920260553,0.53896984529669,0.03014254822697328,0.8725549078268527,0.49751786816361293,2.76466500316252,1e-12,1.2,2.0,2.0,1.0,0.5,0.75,0.5,5.0,1.5,2.0,1.0,500.0,relaxed,2.0,0.00018439654442664033,9.13592097050304,0.12378717796036307,5.789298353184984e-06,0.4830286072414912,0.7083067434398763,0.7083067434398763,aggressive,True,0.600079139285388
component_realism,,,,,,,,,,,,,,,,,,,c015,c015_vpair_c0p75_d1p5_l0p5_z20_conservative_m0p5,discovery,,varactor_pair_mixer,varactor,Opposed varactor diode pairs between adjacent tanks.,runs\spice_412_component_realism\c015_vpair_c0p75_d1p5_l0p5_z20_conservative_m0p5.cir,failed_to_converge,"returncode=0 but ngspice reported: doAnalyses: TRAN:  Timestep too small; time = 0.000868919, timestep = 3.82067e-13: trouble with dvarp-instance dvp12a; log=c015_vpair_c0p75_d1p5_l0p5_z20_conservative_m0p5.log",0.18,0.36159299999999994,0.5358525808263697,0.54,False,False,False,0.78,reject_due_to_control_leakage,,,,,,,,,,,,,,,,,,,,,,,,,,,1e-14,2.2,0.5,0.5,2.0,0.5,1.0,1.0,3.0,0.75,1.5,0.5,20.0,conservative,0.5,,,,,,,,,,0.600079139285388
component_realism,,,,,,,,,,,,,,,,,,,c016,c016_vstack_c1_d1_l1_z100_default_m1,discovery,,back_to_back_varactor_stack,varactor,Back-to-back varactor stacks with floating midpoint references.,runs\spice_412_component_realism\c016_vstack_c1_d1_l1_z100_default_m1.cir,ran_successfully,,0.18,0.36159299999999994,0.5358525808263697,0.54,False,False,False,0.8,reject_due_to_control_leakage,0.028092649418035458,True,0.00027082935163409423,0.5209926622937063,0.49135551115073484,0.09210930661038919,2.8137074699583025,43.0,4.4471132939250626e-05,0.013496666297154169,1.030357636286955e-09,1.0579767700898655,0.1770900920260553,142.55055767719307,0.1770900920260553,6.564424996159612,0.53896984529669,0.01644445840947246,1.0579767700898655,0.1770900920260553,0.1770900920260553,0.53896984529669,0.028092649418035458,0.5209926622937063,0.49135551115073484,2.8137074699583025,1e-12,1.7,1.0,1.0,1.0,0.5,1.0,1.0,3.0,1.0,1.0,1.0,100.0,default,1.0,0.00027082935163409423,10.589050766643135,0.06189358898018153,1.3037953786409116e-08,0.41640948713790416,0.4728531342273349,0.4728531342273349,plausible,True,0.600079139285388
component_realism,,,,,,,,,,,,,,,,,,,c017,c017_vstack_c1p25_d1p5_l2_z100_default_m1,discovery,,back_to_back_varactor_stack,varactor,Back-to-back varactor stacks with floating midpoint references.,runs\spice_412_component_realism\c017_vstack_c1p25_d1p5_l2_z100_default_m1.cir,ran_successfully,,0.18,0.36159299999999994,0.5358525808263697,0.54,False,False,False,0.8,reject_due_to_control_leakage,0.01860897676618244,True,0.03135284404191694,0.9909598196276774,0.5159468271973985,0.039651568940400186,2.7155909331587793,42.0,0.0010884911291096585,0.023177565164946807,1.174102015483069e-06,1.5989854765659919,0.1770900920260553,63.91463700368992,0.1770900920260553,11.306012264068139,0.53896984529669,0.5682454549334842,1.5989854765659919,0.1770900920260553,0.1770900920260553,0.53896984529669,0.01860897676618244,0.9909598196276774,0.5159468271973985,2.7155909331587793,1e-12,1.7,1.0,1.0,1.0,0.5,1.0,1.0,3.0,1.25,1.5,2.0,100.0,default,1.0,0.03135284404191694,9.221951138191457,0.09284038347027229,6.158275525745283e-11,0.18177804272447406,0.21154953744976043,0.21154953744976043,plausible,True,0.600079139285388
component_realism,,,,,,,,,,,,,,,,,,,c018,c018_vstack_c1p25_d1p5_l2_z100_default_m1,discovery,,back_to_back_varactor_stack,varactor,Back-to-back varactor stacks with floating midpoint references.,runs\spice_412_component_realism\c018_vstack_c1p25_d1p5_l2_z100_default_m1.cir,ran_successfully,,0.18,0.36159299999999994,0.5358525808263697,0.54,False,False,False,0.8,reject_due_to_control_leakage,0.016446472307288146,True,1.5738780857154664,0.9864243781864668,0.5171264811158325,0.042217746744097374,2.7068659852633914,41.0,0.0009088780596983961,0.02331938581557343,8.148450583777685e-07,0.9844631592794437,0.1770900920260553,63.296228064468416,0.1770900920260553,11.382465462326836,0.53896984529669,0.47972182822506126,0.9844631592794437,0.1770900920260553,0.1770900920260553,0.53896984529669,0.016446472307288146,0.9864243781864668,0.5171264811158325,2.7068659852633914,1e-10,1.7,4.0,4.0,0.5,0.5,1.0,1.0,3.0,1.25,1.5,2.0,100.0,default,1.0,1.5738780857154664,7.665731012989015,0.09284038347027229,6.081425608235271e-09,0.18123506945639034,0.20945085757415285,0.20945085757415285,plausible,True,0.600079139285388
component_realism,,,,,,,,,,,,,,,,,,,c019,c019_vstack_c1p5_d2_l1_z500_relaxed_m2,discovery,,back_to_back_varactor_stack,varactor,Back-to-back varactor stacks with floating midpoint references.,runs\spice_412_component_realism\c019_vstack_c1p5_d2_l1_z500_relaxed_m2.cir,ran_successfully,,0.18,0.36159299999999994,0.5358525808263697,0.54,False,False,False,0.8,reject_due_to_control_leakage,0.009079833508719059,True,2.2226752432338086e-06,0.03449004405100505,0.4862812084152361,0.3323447744781868,3.1412868160107053,42.0,2.9278148289223792e-05,0.008747177110221677,2.956520956575753e-11,0.6598619874228635,0.1770900920260553,130.5056803995517,0.1770900920260553,4.229355792653881,0.1770900920260553,0.013879525265174306,0.0,0.1770900920260553,0.1770900920260553,0.1770900920260553,0.009079833508719059,0.03449004405100505,0.4862812084152361,3.1412868160107053,1e-12,1.2,2.0,2.0,1.0,0.5,0.75,0.5,5.0,1.5,2.0,1.0,500.0,relaxed,2.0,2.2226752432338086e-06,12.947824666418317,0.12378717796036307,1.7853663362872892e-06,0.44653707971734496,0.6581351313351708,0.6581351313351708,aggressive,True,0.600079139285388
component_realism,,,,,,,,,,,,,,,,,,,c020,c020_vstack_c0p75_d1p5_l0p5_z20_conservative_m0p5,discovery,,back_to_back_varactor_stack,varactor,Back-to-back varactor stacks with floating midpoint references.,runs\spice_412_component_realism\c020_vstack_c0p75_d1p5_l0p5_z20_conservative_m0p5.cir,ran_successfully,,0.18,0.36159299999999994,0.5358525808263697,0.54,False,False,False,0.8,reject_due_to_control_leakage,0.04026623564087511,True,4.222525672225128e-07,0.013472857559437244,0.4819041597895809,0.4589382858976093,3.1345320312339027,28.0,2.0436246151168684e-05,0.010675369358892321,5.626806356482237e-12,1.9226152070847782,0.1770900920260553,446.1022035370696,0.1770900920260553,5.200746520937332,0.1770900920260553,0.009888049363180197,0.0,0.1770900920260553,0.1770900920260553,0.1770900920260553,0.04026623564087511,0.013472857559437244,0.4819041597895809,3.1345320312339027,1e-14,2.2,0.5,0.5,2.0,0.5,1.0,1.0,3.0,0.75,1.5,0.5,20.0,conservative,0.5,4.222525672225128e-07,12.860454320118373,0.09284038347027229,0.0001036174541668428,1.3115010523135584,1.4863571344727156,1.4863571344727156,aggressive,True,0.600079139285388
component_realism,,,,,,,,,,,,,,,,,,,c021,c021_satcore_c1_d1_l1_z100_default_m1,discovery,,saturable_inductor_core,magnetic,Nonlinear magnetic-core proxy on each tank inductor branch.,runs\spice_412_component_realism\c021_satcore_c1_d1_l1_z100_default_m1.cir,ran_successfully,,0.18,0.36159299999999994,0.5358525808263697,0.54,False,False,False,0.68,reject_due_to_control_leakage,0.03068596067187949,True,0.00048527880617636016,0.4985308302383116,0.4898397020162141,0.07836790254809035,2.8409553687640283,43.0,6.0854932308109495e-05,0.013472020982977551,1.8462205837555325e-09,1.548632299283443,0.1770900920260553,142.74154600164354,0.1770900920260553,6.550497984108399,0.53896984529669,0.022868636181348028,1.548632299283443,0.1770900920260553,0.1770900920260553,0.53896984529669,0.03068596067187949,0.4985308302383116,0.4898397020162141,2.8409553687640283,1e-12,1.7,1.0,1.0,1.0,0.5,1.0,1.0,3.0,1.0,1.0,1.0,100.0,default,1.0,0.00048527880617636016,10.689933369677636,0.06189358898018153,1.2989344619079042e-08,0.4162453542205828,0.4735656970909058,0.4735656970909058,plausible,True,0.600079139285388
component_realism,,,,,,,,,,,,,,,,,,,c022,c022_satcore_c1p25_d1p5_l2_z100_default_m1,discovery,,saturable_inductor_core,magnetic,Nonlinear magnetic-core proxy on each tank inductor branch.,runs\spice_412_component_realism\c022_satcore_c1p25_d1p5_l2_z100_default_m1.cir,ran_successfully,,0.18,0.36159299999999994,0.5358525808263697,0.54,False,False,False,0.68,reject_due_to_control_leakage,0.01865942437747925,True,0.04764003114122468,0.9924091443577991,0.5150652533011318,0.03705432418892263,2.7236210501194904,43.0,0.0013407724741683219,0.023129403968396668,1.7840249677447823e-06,1.8096229578135024,0.1770900920260553,64.06199316068354,0.1770900920260553,11.279846424483855,0.53896984529669,0.7004675822319832,1.8096229578135024,0.1770900920260553,0.1770900920260553,0.53896984529669,0.01865942437747925,0.9924091443577991,0.5150652533011318,2.7236210501194904,1e-12,1.7,1.0,1.0,1.0,0.5,1.0,1.0,3.0,1.25,1.5,2.0,100.0,default,1.0,0.04764003114122468,9.21747598112433,0.09284038347027229,6.153000953180157e-11,0.18174098957398263,0.21205405734007568,0.21205405734007568,plausible,True,0.600079139285388
component_realism,,,,,,,,,,,,,,,,,,,c023,c023_satcore_c1p25_d1p5_l2_z100_default_m1,discovery,,saturable_inductor_core,magnetic,Nonlinear magnetic-core proxy on each tank inductor branch.,runs\spice_412_component_realism\c023_satcore_c1p25_d1p5_l2_z100_default_m1.cir,ran_successfully,,0.18,0.36159299999999994,0.5358525808263697,0.54,False,False,False,0.68,reject_due_to_control_leakage,0.01865942437747925,True,3.445854855759608,0.9924091443577991,0.5150652533011318,0.03705432418892263,2.7236210501194904,43.0,0.0013407724741683219,0.023129403968396668,1.7840249677447823e-06,1.8096229578135024,0.1770900920260553,64.06199316068354,0.1770900920260553,11.279846424483855,0.53896984529669,0.7004675822319832,1.8096229578135024,0.1770900920260553,0.1770900920260553,0.53896984529669,0.01865942437747925,0.9924091443577991,0.5150652533011318,2.7236210501194904,1e-10,1.7,4.0,4.0,0.5,0.5,1.0,1.0,3.0,1.25,1.5,2.0,100.0,default,1.0,3.445854855759608,9.497028868025163,0.09284038347027229,6.153000953180158e-09,0.18174098957398263,0.21205405734007568,0.21205405734007568,plausible,True,0.600079139285388
component_realism,,,,,,,,,,,,,,,,,,,c024,c024_satcore_c1p5_d2_l1_z500_relaxed_m2,discovery,,saturable_inductor_core,magnetic,Nonlinear magnetic-core proxy on each tank inductor branch.,runs\spice_412_component_realism\c024_satcore_c1p5_d2_l1_z500_relaxed_m2.cir,ran_successfully,,0.18,0.36159299999999994,0.5358525808263697,0.54,False,False,False,0.68,reject_due_to_control_leakage,0.04805815554392572,True,1.8030904908362288e-06,0.01568115033158258,0.4882592540265659,0.48497302013182375,3.1091229890567185,34.0,3.91086006738411e-05,0.008492268456223334,2.398404732759694e-11,0.9644014591556026,0.1770900920260553,126.81714497417464,0.1770900920260553,4.106429792802947,0.1770900920260553,0.018721448664319983,0.0,0.1770900920260553,0.1770900920260553,0.1770900920260553,0.04805815554392572,0.01568115033158258,0.4882592540265659,3.1091229890567185,1e-12,1.2,2.0,2.0,1.0,0.5,0.75,0.5,5.0,1.5,2.0,1.0,500.0,relaxed,2.0,1.8030904908362288e-06,12.799961314973398,0.12378717796036307,1.2241828226422621e-06,0.43483168799119426,0.6401643005374057,0.6401643005374057,aggressive,True,0.600079139285388
component_realism,,,,,,,,,,,,,,,,,,,c025,c025_satcore_c0p75_d1p5_l0p5_z20_conservative_m0p5,discovery,,saturable_inductor_core,magnetic,Nonlinear magnetic-core proxy on each tank inductor branch.,runs\spice_412_component_realism\c025_satcore_c0p75_d1p5_l0p5_z20_conservative_m0p5.cir,ran_successfully,,0.18,0.36159299999999994,0.5358525808263697,0.54,False,False,False,0.68,reject_due_to_control_leakage,0.02902091975748454,True,4.862062903747949e-07,0.011103227141655656,0.4807868240513998,0.5001763847783016,3.1069269604560588,27.0,2.4156305279545147e-05,0.010320012458979086,6.479033776485902e-12,1.8348113105486747,0.1770900920260553,425.8815687629358,0.1770900920260553,5.018405773338338,0.1770900920260553,0.011676111509293133,0.0,0.1770900920260553,0.1770900920260553,0.1770900920260553,0.02902091975748454,0.011103227141655656,0.4807868240513998,3.1069269604560588,1e-14,2.2,0.5,0.5,2.0,0.5,1.0,1.0,3.0,0.75,1.5,0.5,20.0,conservative,0.5,4.862062903747949e-07,12.89631961499852,0.09284038347027229,3.4872986609700914e-05,1.2495700041896385,1.4155584409632547,1.4155584409632547,aggressive,True,0.600079139285388
component_realism,,,,,,,,,,,,,,,,,,,c026,c026_xfsat_c1_d1_l1_z100_default_m1,discovery,,coupled_saturable_transformer,magnetic,Coupled saturable transformer proxy between adjacent tanks.,runs\spice_412_component_realism\c026_xfsat_c1_d1_l1_z100_default_m1.cir,ran_successfully,,0.18,0.36159299999999994,0.5358525808263697,0.54,False,False,False,0.64,reject_due_to_control_leakage,0.03068596067187949,True,0.00048527880617636016,0.4985308302383116,0.4898397020162141,0.07836790254809035,2.8409553687640283,43.0,6.0854932308109495e-05,0.013472020982977551,1.8462205837555325e-09,1.548632299283443,0.1770900920260553,142.74154600164354,0.1770900920260553,6.550497984108399,0.53896984529669,0.022868636181348028,1.548632299283443,0.1770900920260553,0.1770900920260553,0.53896984529669,0.03068596067187949,0.4985308302383116,0.4898397020162141,2.8409553687640283,1e-12,1.7,1.0,1.0,1.0,0.5,1.0,1.0,3.0,1.0,1.0,1.0,100.0,default,1.0,0.00048527880617636016,10.689933369677636,0.06189358898018153,1.2989344619079042e-08,0.4162453542205828,0.4735656970909058,0.4735656970909058,plausible,True,0.600079139285388
component_realism,,,,,,,,,,,,,,,,,,,c027,c027_xfsat_c1p25_d1p5_l2_z100_default_m1,discovery,,coupled_saturable_transformer,magnetic,Coupled saturable transformer proxy between adjacent tanks.,runs\spice_412_component_realism\c027_xfsat_c1p25_d1p5_l2_z100_default_m1.cir,ran_successfully,,0.18,0.36159299999999994,0.5358525808263697,0.54,False,False,False,0.64,reject_due_to_control_leakage,0.01865942437747925,True,0.04764003114122468,0.9924091443577991,0.5150652533011318,0.03705432418892263,2.7236210501194904,43.0,0.0013407724741683219,0.023129403968396668,1.7840249677447823e-06,1.8096229578135024,0.1770900920260553,64.06199316068354,0.1770900920260553,11.279846424483855,0.53896984529669,0.7004675822319832,1.8096229578135024,0.1770900920260553,0.1770900920260553,0.53896984529669,0.01865942437747925,0.9924091443577991,0.5150652533011318,2.7236210501194904,1e-12,1.7,1.0,1.0,1.0,0.5,1.0,1.0,3.0,1.25,1.5,2.0,100.0,default,1.0,0.04764003114122468,9.21747598112433,0.09284038347027229,6.153000953180157e-11,0.18174098957398263,0.21205405734007568,0.21205405734007568,plausible,True,0.600079139285388
component_realism,,,,,,,,,,,,,,,,,,,c028,c028_xfsat_c1p25_d1p5_l2_z100_default_m1,discovery,,coupled_saturable_transformer,magnetic,Coupled saturable transformer proxy between adjacent tanks.,runs\spice_412_component_realism\c028_xfsat_c1p25_d1p5_l2_z100_default_m1.cir,ran_successfully,,0.18,0.36159299999999994,0.5358525808263697,0.54,False,False,False,0.64,reject_due_to_control_leakage,0.01865942437747925,True,3.445854855759608,0.9924091443577991,0.5150652533011318,0.03705432418892263,2.7236210501194904,43.0,0.0013407724741683219,0.023129403968396668,1.7840249677447823e-06,1.8096229578135024,0.1770900920260553,64.06199316068354,0.1770900920260553,11.279846424483855,0.53896984529669,0.7004675822319832,1.8096229578135024,0.1770900920260553,0.1770900920260553,0.53896984529669,0.01865942437747925,0.9924091443577991,0.5150652533011318,2.7236210501194904,1e-10,1.7,4.0,4.0,0.5,0.5,1.0,1.0,3.0,1.25,1.5,2.0,100.0,default,1.0,3.445854855759608,9.497028868025163,0.09284038347027229,6.153000953180158e-09,0.18174098957398263,0.21205405734007568,0.21205405734007568,plausible,True,0.600079139285388
component_realism,,,,,,,,,,,,,,,,,,,c029,c029_xfsat_c1p5_d2_l1_z500_relaxed_m2,discovery,,coupled_saturable_transformer,magnetic,Coupled saturable transformer proxy between adjacent tanks.,runs\spice_412_component_realism\c029_xfsat_c1p5_d2_l1_z500_relaxed_m2.cir,ran_successfully,,0.18,0.36159299999999994,0.5358525808263697,0.54,False,False,False,0.64,reject_due_to_control_leakage,0.04805815554392572,True,1.8030904908362288e-06,0.01568115033158258,0.4882592540265659,0.48497302013182375,3.1091229890567185,34.0,3.91086006738411e-05,0.008492268456223334,2.398404732759694e-11,0.9644014591556026,0.1770900920260553,126.81714497417464,0.1770900920260553,4.106429792802947,0.1770900920260553,0.018721448664319983,0.0,0.1770900920260553,0.1770900920260553,0.1770900920260553,0.04805815554392572,0.01568115033158258,0.4882592540265659,3.1091229890567185,1e-12,1.2,2.0,2.0,1.0,0.5,0.75,0.5,5.0,1.5,2.0,1.0,500.0,relaxed,2.0,1.8030904908362288e-06,12.799961314973398,0.12378717796036307,1.2241828226422621e-06,0.43483168799119426,0.6401643005374057,0.6401643005374057,aggressive,True,0.600079139285388
component_realism,,,,,,,,,,,,,,,,,,,c030,c030_xfsat_c0p75_d1p5_l0p5_z20_conservative_m0p5,discovery,,coupled_saturable_transformer,magnetic,Coupled saturable transformer proxy between adjacent tanks.,runs\spice_412_component_realism\c030_xfsat_c0p75_d1p5_l0p5_z20_conservative_m0p5.cir,ran_successfully,,0.18,0.36159299999999994,0.5358525808263697,0.54,False,False,False,0.64,reject_due_to_control_leakage,0.02902091975748454,True,4.862062903747949e-07,0.011103227141655656,0.4807868240513998,0.5001763847783016,3.1069269604560588,27.0,2.4156305279545147e-05,0.010320012458979086,6.479033776485902e-12,1.8348113105486747,0.1770900920260553,425.8815687629358,0.1770900920260553,5.018405773338338,0.1770900920260553,0.011676111509293133,0.0,0.1770900920260553,0.1770900920260553,0.1770900920260553,0.02902091975748454,0.011103227141655656,0.4807868240513998,3.1069269604560588,1e-14,2.2,0.5,0.5,2.0,0.5,1.0,1.0,3.0,0.75,1.5,0.5,20.0,conservative,0.5,4.862062903747949e-07,12.89631961499852,0.09284038347027229,3.4872986609700914e-05,1.2495700041896385,1.4155584409632547,1.4155584409632547,aggressive,True,0.600079139285388
component_realism,,,,,,,,,,,,,,,,,,,c031,c031_hybrid_c1_d1_l1_z100_default_m1,discovery,,hybrid_varactor_plus_saturable_inductor,hybrid,Varactor stack plus saturable inductor proxy.,runs\spice_412_component_realism\c031_hybrid_c1_d1_l1_z100_default_m1.cir,ran_successfully,,0.18,0.36159299999999994,0.5358525808263697,0.54,False,False,False,0.7,reject_due_to_control_leakage,0.02945327062735028,True,0.000702691119803438,0.9241799914009857,0.49030326314876643,0.07982820767990007,2.811197178716597,43.0,5.3783626672941184e-05,0.013504562109502785,2.6733555904187965e-09,0.34191303871105166,0.1770900920260553,138.75182918840034,0.1770900920260553,6.573725209201917,0.53896984529669,0.026797726075621895,0.34191303871105166,0.1770900920260553,0.1770900920260553,0.53896984529669,0.02945327062735028,0.9241799914009857,0.49030326314876643,2.811197178716597,1e-12,1.7,1.0,1.0,1.0,0.5,1.0,1.0,3.0,1.0,1.0,1.0,100.0,default,1.0,0.000702691119803438,8.975579626361517,0.06189358898018153,1.0860371598587738e-08,0.4083794736503161,0.46050439789432623,0.46050439789432623,plausible,True,0.600079139285388
component_realism,,,,,,,,,,,,,,,,,,,c032,c032_hybrid_c1p25_d1p5_l2_z100_default_m1,discovery,,hybrid_varactor_plus_saturable_inductor,hybrid,Varactor stack plus saturable inductor proxy.,runs\spice_412_component_realism\c032_hybrid_c1p25_d1p5_l2_z100_default_m1.cir,ran_successfully,,0.18,0.36159299999999994,0.5358525808263697,0.54,False,False,False,0.7,reject_due_to_control_leakage,0.016185926594372856,True,0.020350440480877616,0.9857194183019315,0.5175274956958179,0.04374720420928848,2.70638455953177,42.0,0.0008792749420039286,0.023314940827341972,7.620837571424916e-07,0.956250089571517,0.1770900920260553,63.35986093919723,0.1770900920260553,11.380355588716816,0.53896984529669,0.4650900965760512,0.956250089571517,0.1770900920260553,0.1770900920260553,0.53896984529669,0.016185926594372856,0.9857194183019315,0.5175274956958179,2.70638455953177,1e-12,1.7,1.0,1.0,1.0,0.5,1.0,1.0,3.0,1.25,1.5,2.0,100.0,default,1.0,0.020350440480877616,9.21806215067839,0.09284038347027229,6.110483519331108e-11,0.18144116397022986,0.20966133033943793,0.20966133033943793,plausible,True,0.600079139285388
component_realism,,,,,,,,,,,,,,,,,,,c033,c033_hybrid_c1p25_d1p5_l2_z100_default_m1,discovery,,hybrid_varactor_plus_saturable_inductor,hybrid,Varactor stack plus saturable inductor proxy.,runs\spice_412_component_realism\c033_hybrid_c1p25_d1p5_l2_z100_default_m1.cir,ran_successfully,,0.18,0.36159299999999994,0.5358525808263697,0.54,False,False,False,0.7,reject_due_to_control_leakage,0.0248827448707826,True,2.2476511709646925,0.9076540010820803,0.5192880657301304,0.03814527365455717,2.733892520206581,43.0,0.001132286335019904,0.023985043227702358,1.1636780931383336e-06,0.7966699302432376,0.1770900920260553,59.995766019403604,0.1770900920260553,11.725975047534277,0.53896984529669,0.5634732214766287,0.7966699302432376,0.1770900920260553,0.1770900920260553,0.53896984529669,0.0248827448707826,0.9076540010820803,0.5192880657301304,2.733892520206581,1e-10,1.7,4.0,4.0,0.5,0.5,1.0,1.0,3.0,1.25,1.5,2.0,100.0,default,1.0,2.2476511709646925,8.068485093949299,0.09284038347027229,5.4794690630644124e-09,0.17673267112503954,0.1986763411675481,0.1986763411675481,plausible,True,0.600079139285388
component_realism,,,,,,,,,,,,,,,,,,,c034,c034_hybrid_c1p5_d2_l1_z500_relaxed_m2,discovery,,hybrid_varactor_plus_saturable_inductor,hybrid,Varactor stack plus saturable inductor proxy.,runs\spice_412_component_realism\c034_hybrid_c1p5_d2_l1_z500_relaxed_m2.cir,ran_successfully,,0.18,0.36159299999999994,0.5358525808263697,0.54,False,False,False,0.7,reject_due_to_control_leakage,0.030024005393463993,True,0.00018416287574278778,0.8716548715498635,0.4970169468631112,0.09226752740654036,2.7587042068837775,43.0,5.3012860378478545e-05,0.010332050510709474,2.4496669192420257e-09,0.28653936558312787,0.1770900920260553,143.4922434541913,0.1770900920260553,4.991628029018189,0.53896984529669,0.025616337232143415,0.28653936558312787,0.1770900920260553,0.1770900920260553,0.53896984529669,0.030024005393463993,0.8716548715498635,0.4970169468631112,2.7587042068837775,1e-12,1.2,2.0,2.0,1.0,0.5,0.75,0.5,5.0,1.5,2.0,1.0,500.0,relaxed,2.0,0.00018416287574278778,9.133151424567483,0.12378717796036307,5.5385963536388556e-06,0.4816553521203186,0.7064395891426681,0.7064395891426681,aggressive,True,0.600079139285388
component_realism,,,,,,,,,,,,,,,,,,,c035,c035_hybrid_c0p75_d1p5_l0p5_z20_conservative_m0p5,discovery,,hybrid_varactor_plus_saturable_inductor,hybrid,Varactor stack plus saturable inductor proxy.,runs\spice_412_component_realism\c035_hybrid_c0p75_d1p5_l0p5_z20_conservative_m0p5.cir,failed_to_converge,"returncode=0 but ngspice reported: doAnalyses: TRAN:  Timestep too small; time = 0.000868919, timestep = 3.82067e-13: trouble with dvarp-instance dvp12a; log=c035_hybrid_c0p75_d1p5_l0p5_z20_conservative_m0p5.log",0.18,0.36159299999999994,0.5358525808263697,0.54,False,False,False,0.7,reject_due_to_control_leakage,,,,,,,,,,,,,,,,,,,,,,,,,,,1e-14,2.2,0.5,0.5,2.0,0.5,1.0,1.0,3.0,0.75,1.5,0.5,20.0,conservative,0.5,,,,,,,,,,0.600079139285388
component_realism,,,,,,,,,,,,,,,,,,,c036,c036_trap_c1_d1_l1_z100_default_m1,discovery,,diode_plus_resonant_trap_network,diode_trap,Diode mixers with passive resonant trap branches near generated and target bands.,runs\spice_412_component_realism\c036_trap_c1_d1_l1_z100_default_m1.cir,ran_successfully,,0.18,0.36159299999999994,0.5358525808263697,0.54,False,False,False,0.66,reject_due_to_control_leakage,0.05078155185515775,True,2.3837791822200655e-08,9.915097049671454e-05,0.4849912298499989,0.6080560700358606,3.095046375439413,34.0,3.0243403129900804e-05,0.013548862568712152,9.068976714683082e-14,1.0087991807645673,0.1770900920260553,142.47975359280673,0.1770900920260553,6.590153372990266,0.1770900920260553,0.014584161642050241,0.0,0.1770900920260553,0.1770900920260553,0.1770900920260553,0.05078155185515775,9.915097049671454e-05,0.4849912298499989,3.095046375439413,1e-12,1.7,1.0,1.0,1.0,0.5,1.0,1.0,3.0,1.0,1.0,1.0,100.0,default,1.0,2.3837791822200655e-08,12.828061448143842,0.06189358898018153,1.2898969557123758e-08,0.4159385562264261,0.47282740871764756,0.47282740871764756,plausible,True,0.600079139285388
component_realism,,,,,,,,,,,,,,,,,,,c037,c037_trap_c1p25_d1p5_l2_z100_default_m1,discovery,,diode_plus_resonant_trap_network,diode_trap,Diode mixers with passive resonant trap branches near generated and target bands.,runs\spice_412_component_realism\c037_trap_c1p25_d1p5_l2_z100_default_m1.cir,ran_successfully,,0.18,0.36159299999999994,0.5358525808263697,0.54,False,False,False,0.66,reject_due_to_control_leakage,0.040493921343912394,True,2.223570454693004e-05,0.07895471428400153,0.5153912292112603,0.6982090730335386,3.1054165744467994,42.0,0.00010269536904962779,0.02328155076228081,8.326831686890372e-10,0.5473101359695363,0.1770900920260553,63.915241228391835,0.1770900920260553,11.355911250468823,0.1770900920260553,0.040918656676832456,0.0,0.1770900920260553,0.1770900920260553,0.1770900920260553,0.040493921343912394,0.07895471428400153,0.5153912292112603,3.1054165744467994,1e-12,1.7,1.0,1.0,1.0,0.5,1.0,1.0,3.0,1.25,1.5,2.0,100.0,default,1.0,2.223570454693004e-05,12.635225333309204,0.09284038347027229,6.244706525238357e-11,0.18238080004091042,0.211570996307466,0.211570996307466,plausible,True,0.600079139285388
component_realism,,,,,,,,,,,,,,,,,,,c038,c038_trap_c1p25_d1p5_l2_z100_default_m1,discovery,,diode_plus_resonant_trap_network,diode_trap,Diode mixers with passive resonant trap branches near generated and target bands.,runs\spice_412_component_realism\c038_trap_c1p25_d1p5_l2_z100_default_m1.cir,ran_successfully,,0.18,0.36159299999999994,0.5358525808263697,0.54,False,False,False,0.66,reject_due_to_control_leakage,0.024461022980453766,True,0.0024763521609850662,0.1079862395091187,0.5159333307332593,0.835913433521103,2.9594965996513025,42.0,0.00010896172443502927,0.023431545535720535,1.2820836248345766e-09,0.37716507964286733,0.1770900920260553,63.33613620157792,0.1770900920260553,11.437679578592949,0.1770900920260553,0.025094283143672447,0.0,0.1770900920260553,0.1770900920260553,0.1770900920260553,0.024461022980453766,0.1079862395091187,0.5159333307332593,2.9594965996513025,1e-10,1.7,4.0,4.0,0.5,0.5,1.0,1.0,3.0,1.25,1.5,2.0,100.0,default,1.0,0.0024763521609850662,12.451973836018093,0.09284038347027229,6.164194810663989e-09,0.18181958772128992,0.20970445346484906,0.20970445346484906,plausible,True,0.600079139285388
component_realism,,,,,,,,,,,,,,,,,,,c039,c039_trap_c1p5_d2_l1_z500_relaxed_m2,discovery,,diode_plus_resonant_trap_network,diode_trap,Diode mixers with passive resonant trap branches near generated and target bands.,runs\spice_412_component_realism\c039_trap_c1p5_d2_l1_z500_relaxed_m2.cir,ran_successfully,,0.18,0.36159299999999994,0.5358525808263697,0.54,False,False,False,0.66,reject_due_to_control_leakage,0.1558463741572314,True,1.0553833080439497e-06,0.01724301249087365,0.4831436633748211,0.4522026810438665,3.1401904292194445,37.0,2.8533235023797654e-05,0.008723571997319718,1.4038321059051596e-11,0.5994792072836146,0.1770900920260553,130.12333159273257,0.1770900920260553,4.214624805749033,0.1770900920260553,0.01346892585309189,0.0,0.1770900920260553,0.1770900920260553,0.1770900920260553,0.1558463741572314,0.01724301249087365,0.4831436633748211,3.1401904292194445,1e-12,1.2,2.0,2.0,1.0,0.5,0.75,0.5,5.0,1.5,2.0,1.0,500.0,relaxed,2.0,1.0553833080439497e-06,12.275609779836127,0.12378717796036307,1.8298473086593183e-06,0.44730044740070535,0.6607995350481946,0.6607995350481946,aggressive,True,0.600079139285388
component_realism,,,,,,,,,,,,,,,,,,,c040,c040_trap_c0p75_d1p5_l0p5_z20_conservative_m0p5,discovery,,diode_plus_resonant_trap_network,diode_trap,Diode mixers with passive resonant trap branches near generated and target bands.,runs\spice_412_component_realism\c040_trap_c0p75_d1p5_l0p5_z20_conservative_m0p5.cir,ran_successfully,,0.18,0.36159299999999994,0.5358525808263697,0.54,False,False,False,0.66,reject_due_to_control_leakage,0.006321402987630133,True,4.734875453737896e-08,0.001533946868866554,0.4617654652438015,0.26306768001606956,3.1361894657000775,33.0,2.0281214397126447e-05,0.010726692284132752,6.30954773714959e-13,1.861131072810879,0.1770900920260553,445.1366941902687,0.1770900920260553,5.20110327825874,0.1770900920260553,0.00988135449266202,0.0,0.1770900920260553,0.1770900920260553,0.1770900920260553,0.006321402987630133,0.001533946868866554,0.4617654652438015,3.1361894657000775,1e-14,2.2,0.5,0.5,2.0,0.5,1.0,1.0,3.0,0.75,1.5,0.5,20.0,conservative,0.5,4.734875453737896e-08,13.03931454642531,0.09284038347027229,9.574643657811872e-05,1.3070081869250318,1.4815203599030737,1.4815203599030737,aggressive,True,0.600079139285388
component_realism,,,,,,,,,,,,,,,,,,,c041,c041_linear_c1_d1_l1_z100_default_m1,control,candidate,linear_no_nonlinearity_control,control,Linear LC and weak coupling only.,runs\spice_412_component_realism\c041_linear_c1_d1_l1_z100_default_m1.cir,ran_successfully,,0.18,0.36159299999999994,0.5358525808263697,0.54,False,False,False,1.0,control_dead,0.015789342919052828,True,4.707432451675082e-12,1.6952124159876666e-06,0.48517166041854465,0.48067463981899106,1.912540636942495,3.0,3.25031983159142e-06,0.004085408014466542,1.7909207198640437e-17,3.6086071000616298,0.1770900920260553,709.8605628979091,0.1770900920260553,2.006696804139355,0.1770900920260553,0.001594571242011312,0.0,0.1770900920260553,0.1770900920260553,0.1770900920260553,0.015789342919052828,1.6952124159876666e-06,0.48517166041854465,1.912540636942495,1e-12,1.7,1.0,1.0,1.0,0.5,1.0,1.0,3.0,1.0,1.0,1.0,100.0,default,1.0,4.707432451675082e-12,11.821267462329947,0.06189358898018153,235385.26683702,2.2432203574554124,2.5384281669481377,2353852.6683702,unrealistic,True,0.600079139285388
component_realism,,,,,,,,,,,,,,,,,,,c042,c042_weak_c1p5_d2_l1_z100_default_m1,control,candidate,weak_nonlinearity_control,control,Very weak diode/varactor nonlinearities as a leakage control.,runs\spice_412_component_realism\c042_weak_c1p5_d2_l1_z100_default_m1.cir,ran_successfully,,0.18,0.36159299999999994,0.5358525808263697,0.54,False,False,False,0.92,reject_due_to_control_leakage,0.030152947051424066,True,0.00019784821347004167,0.9105210029602685,0.4861043616544565,0.04412597781309804,3.140097292776275,43.0,0.00044501581825855444,0.02720422476500691,1.8031874038235903e-07,3.3264209462626018,0.1770900920260553,286.69867637815855,0.1770900920260553,13.227291164974329,0.53896984529669,0.2250124307376354,3.3264209462626018,0.1770900920260553,0.1770900920260553,0.53896984529669,0.030152947051424066,0.9105210029602685,0.4861043616544565,3.140097292776275,1e-14,1.7,0.02,0.02,1.0,0.5,1.0,1.0,3.0,1.5,2.0,1.0,100.0,default,1.0,0.00019784821347004167,9.336596420773523,0.12378717796036307,1.778516660658359e-06,0.8347994535854594,0.9513377740481423,0.9513377740481423,aggressive,True,0.600079139285388
component_realism,,,,,,,,,,,,,,,,,,,c043,c043_detuned_c1p25_d1p5_l2_z100_default_m1,control,detuned_target,detuned_target_control,control,Source-only component network with target tank detuned away from 12.,runs\spice_412_component_realism\c043_detuned_c1p25_d1p5_l2_z100_default_m1.cir,ran_successfully,,0.18,0.36159299999999994,0.5724,0.54,False,False,False,0.8,reject_due_to_control_leakage,0.015358558549564971,True,0.0037445768569471234,0.9337869770105386,0.5151381028961688,0.04286718742557213,2.8390686120190622,43.0,0.0003875180300576324,0.023131884747486987,1.4022699915181493e-07,0.9402913154631551,0.1770900920260553,64.06838665664237,0.1770900920260553,11.28072529760161,0.53896984529669,0.195731453004605,0.9402913154631551,0.1770900920260553,0.1770900920260553,0.53896984529669,0.015358558549564971,0.9337869770105386,0.5151381028961688,2.8390686120190622,1e-12,1.7,1.0,1.0,1.0,0.5,1.0,1.0,3.0,1.25,1.5,2.0,100.0,default,1.0,0.0037445768569471234,9.158980356248781,0.09284038347027229,6.154313005242263e-11,0.18175020947975493,0.21208122413562677,0.21208122413562677,plausible,True,0.600079139285388
component_realism,,,,,,,,,,,,,,,,,,,c044,c044_shuffled_c1p25_d1p5_l2_z100_default_m1,control,shuffled_frequency,shuffled_frequency_control,control,Source-only component network with generated/target tank frequencies shuffled.,runs\spice_412_component_realism\c044_shuffled_c1p25_d1p5_l2_z100_default_m1.cir,ran_successfully,,0.18,0.5358525808263697,0.36159299999999994,0.54,False,False,False,0.78,control_dead,0.08381692324018328,True,0.0001228399168796401,0.34543747824242654,0.6695609285285615,0.10038855514849888,3.0557367071821933,38.0,0.00011539831709470253,0.012557834714280604,4.60011199613456e-09,1.003029173362559,0.1770900920260553,53.1535560945428,0.53896984529669,4.407876389477314,0.1770900920260553,0.04569253755588995,0.0,0.1770900920260553,0.53896984529669,0.1770900920260553,0.08381692324018328,0.34543747824242654,0.6695609285285615,3.0557367071821933,1e-12,1.7,1.0,1.0,1.0,0.5,1.0,1.0,3.0,1.25,1.5,2.0,100.0,default,1.0,0.0001228399168796401,11.611238195151813,0.09284038347027229,2.536507503721725e-11,0.14378980742705075,0.17628868749010673,0.17628868749010673,plausible,True,0.600079139285388
