row_type,case_id,name,topology,role,time,source_envelope,generated_envelope,target_envelope,target_phase_error
spice_tl_timeseries,t001,tl_phase_matched_ladder,tl_phase_matched,discovery,15.4008222,0.3631196783935143,0.3695223058406355,1.2521687638643955,0.47286400986468324
spice_tl_timeseries,t001,tl_phase_matched_ladder,tl_phase_matched,discovery,15.7328222,0.36477798415881957,0.3734070334586279,1.2477038928224222,0.41800162528038953
spice_tl_timeseries,t001,tl_phase_matched_ladder,tl_phase_matched,discovery,16.064822200000002,0.3667026310446663,0.3776850752496442,1.2685565027670735,0.3606857027614936
spice_tl_timeseries,t001,tl_phase_matched_ladder,tl_phase_matched,discovery,16.396822200000003,0.3683771261605552,0.38300477596072563,1.3132333174089246,0.3117205756443342
spice_tl_timeseries,t001,tl_phase_matched_ladder,tl_phase_matched,discovery,16.7288222,0.3698579198979237,0.3892755405207755,1.3778168827598318,0.2727243878382888
spice_tl_timeseries,t001,tl_phase_matched_ladder,tl_phase_matched,discovery,17.060822199999997,0.37153160890027465,0.39529949886726584,1.4569425105414802,0.2440980042488783
spice_tl_timeseries,t001,tl_phase_matched_ladder,tl_phase_matched,discovery,17.392822199999998,0.372915324741168,0.4016884689477492,1.5449577577105253,0.2282404344017599
spice_tl_timeseries,t001,tl_phase_matched_ladder,tl_phase_matched,discovery,17.7248222,0.37423188642583965,0.4087368178691711,1.6366581161694451,0.22422867789259104
spice_tl_timeseries,t001,tl_phase_matched_ladder,tl_phase_matched,discovery,18.0568222,0.3756981833404265,0.41529959420957424,1.727379282512474,0.22763760170495928
spice_tl_timeseries,t001,tl_phase_matched_ladder,tl_phase_matched,discovery,18.388822200000003,0.3768817813403005,0.4215313397219499,1.813458259071787,0.2368902099441148
spice_tl_timeseries,t001,tl_phase_matched_ladder,tl_phase_matched,discovery,18.720822199999997,0.37811674497890835,0.42782421702678264,1.8923006532497049,0.2525843328999944
spice_tl_timeseries,t001,tl_phase_matched_ladder,tl_phase_matched,discovery,19.052822199999998,0.3794739935547175,0.4337450307475709,1.9617052538294222,0.2719515855522121
spice_tl_timeseries,t001,tl_phase_matched_ladder,tl_phase_matched,discovery,19.384822200000002,0.380561257208343,0.43891975377343867,2.0202351010566684,0.2921405261261216
spice_tl_timeseries,t001,tl_phase_matched_ladder,tl_phase_matched,discovery,19.716822199999996,0.3817600141315895,0.44361073932515166,2.0672140454362284,0.31419488778204485
spice_tl_timeseries,t001,tl_phase_matched_ladder,tl_phase_matched,discovery,20.0488222,0.38303547985048325,0.44801551904800935,2.102200756720623,0.3381995393593269
spice_tl_timeseries,t001,tl_phase_matched_ladder,tl_phase_matched,discovery,20.3808222,0.38404690265110064,0.4515031495037036,2.125186408557863,0.3607014568763587
spice_tl_timeseries,t001,tl_phase_matched_ladder,tl_phase_matched,discovery,20.712822199999998,0.38517697555047803,0.45423598590659814,2.136580556562169,0.38172954731489384
spice_tl_timeseries,t001,tl_phase_matched_ladder,tl_phase_matched,discovery,21.044822200000002,0.38633214726314075,0.4565928302265162,2.137103040994865,0.40305378806303027
spice_tl_timeseries,t001,tl_phase_matched_ladder,tl_phase_matched,discovery,21.3768222,0.3872465462302408,0.45812348589101926,2.1277912234199157,0.421615022825081
spice_tl_timeseries,t001,tl_phase_matched_ladder,tl_phase_matched,discovery,21.708822200000004,0.38827183207880567,0.4590156259201479,2.1099508840904404,0.4365027251401674
spice_tl_timeseries,t001,tl_phase_matched_ladder,tl_phase_matched,discovery,22.0408222,0.3892781037890518,0.45957484936556575,2.0851785315749467,0.44941873972650326
spice_tl_timeseries,t001,tl_phase_matched_ladder,tl_phase_matched,discovery,22.3728222,0.39008198280366907,0.4596857709633573,2.0553009069168064,0.45854013176083086
spice_tl_timeseries,t001,tl_phase_matched_ladder,tl_phase_matched,discovery,22.704822200000002,0.39098946648007155,0.4594777952917765,2.022341625305043,0.46298792109008113
spice_tl_timeseries,t001,tl_phase_matched_ladder,tl_phase_matched,discovery,23.036822200000003,0.39184317943237407,0.4592314778287494,1.988500617126924,0.46349617584413316
spice_tl_timeseries,t001,tl_phase_matched_ladder,tl_phase_matched,discovery,23.368822200000004,0.392540618237407,0.45903885698520874,1.9559636161332208,0.4596788349206218
spice_tl_timeseries,t001,tl_phase_matched_ladder,tl_phase_matched,discovery,23.7008222,0.3933410783738907,0.45876613402567185,1.9268947145510993,0.45175955232255305
spice_tl_timeseries,t001,tl_phase_matched_ladder,tl_phase_matched,discovery,24.0328222,0.3940630409738277,0.4587540794327725,1.9032988940908215,0.4400515250638657
spice_tl_timeseries,t001,tl_phase_matched_ladder,tl_phase_matched,discovery,24.3648222,0.39467288167967307,0.45918636729758205,1.8868841398032306,0.425213626427428
spice_tl_timeseries,t001,tl_phase_matched_ladder,tl_phase_matched,discovery,24.696822200000003,0.3953846451571011,0.45967177533127557,1.8787911787274676,0.4088826221473916
spice_tl_timeseries,t001,tl_phase_matched_ladder,tl_phase_matched,discovery,25.0288222,0.39600062065473707,0.4605032195188674,1.8796467160908272,0.391877381811339
spice_tl_timeseries,t001,tl_phase_matched_ladder,tl_phase_matched,discovery,25.3608222,0.39653736707708365,0.4619220285191983,1.889442007631976,0.3747470260682908
spice_tl_timeseries,t001,tl_phase_matched_ladder,tl_phase_matched,discovery,25.692822200000002,0.3971666247848934,0.4634898117921979,1.9074433084832612,0.35941718527381505
spice_tl_timeseries,t001,tl_phase_matched_ladder,tl_phase_matched,discovery,26.024822200000003,0.39769162718481366,0.46518984885101267,1.9325070862175129,0.3469862159769441
spice_tl_timeseries,t001,tl_phase_matched_ladder,tl_phase_matched,discovery,26.3568222,0.3981613978131849,0.46732134156664934,1.963053181388288,0.33678173382771837
spice_tl_timeseries,t001,tl_phase_matched_ladder,tl_phase_matched,discovery,26.6888222,0.3987069078914961,0.46965719558934593,1.9973177628060415,0.3297638755432568
spice_tl_timeseries,t001,tl_phase_matched_ladder,tl_phase_matched,discovery,27.020822199999998,0.3991510054717286,0.4717889953262591,2.0335182113541532,0.32673866808610263
spice_tl_timeseries,t001,tl_phase_matched_ladder,tl_phase_matched,discovery,27.352822200000002,0.3995593996458537,0.4740109546568731,2.069860207378264,0.3262591035866067
spice_tl_timeseries,t001,tl_phase_matched_ladder,tl_phase_matched,discovery,27.684822200000003,0.400022438242783,0.47640471718024385,2.1048043439903954,0.32834255250735556
spice_tl_timeseries,t001,tl_phase_matched_ladder,tl_phase_matched,discovery,28.016822200000004,0.4003956134761784,0.4783970468468649,2.1370409973768867,0.3333417449632634
spice_tl_timeseries,t001,tl_phase_matched_ladder,tl_phase_matched,discovery,28.3488222,0.4007505757516413,0.48013044199652005,2.165442164684057,0.3401073461002815
spice_tl_timeseries,t002,tl_qpm_ladder,tl_qpm,discovery,15.3982289478,0.36183954287896997,0.05463090832742862,0.023683949039583346,-2.0570364629662654
spice_tl_timeseries,t002,tl_qpm_ladder,tl_qpm,discovery,15.7289568497,0.3661582658972488,0.05337478543840331,0.02753281018334576,-2.214254601490331
spice_tl_timeseries,t002,tl_qpm_ladder,tl_qpm,discovery,16.0586394532,0.3677548739480586,0.05174386639132698,0.03244340644367325,-2.2738976099727726
spice_tl_timeseries,t002,tl_qpm_ladder,tl_qpm,discovery,16.387666015799997,0.3669240785877306,0.050041933484412306,0.03780823540228897,-2.2906335500092876
spice_tl_timeseries,t002,tl_qpm_ladder,tl_qpm,discovery,16.716856689599997,0.37377809679265334,0.04947185731124318,0.04311847371771761,-2.26220561253493
spice_tl_timeseries,t002,tl_qpm_ladder,tl_qpm,discovery,17.0460078806,0.3719300039619065,0.04854558629379911,0.04810209321908586,-2.214217886991727
spice_tl_timeseries,t002,tl_qpm_ladder,tl_qpm,discovery,17.375212613,0.3721464399343573,0.04754978001510473,0.05267023614948273,-2.1608528066954573
spice_tl_timeseries,t002,tl_qpm_ladder,tl_qpm,discovery,17.705303925099997,0.3763988900269421,0.047601634973348426,0.056536550842881124,-2.0738384923753665
spice_tl_timeseries,t002,tl_qpm_ladder,tl_qpm,discovery,18.036412804799998,0.3752788141656293,0.04760847743877813,0.05971836616613919,-1.9970987449855322
spice_tl_timeseries,t002,tl_qpm_ladder,tl_qpm,discovery,18.368258165499995,0.3765676178107915,0.048133387259587754,0.06228924416687626,-1.9097507940497698
spice_tl_timeseries,t002,tl_qpm_ladder,tl_qpm,discovery,18.7001942,0.37801145478232645,0.04900193830752387,0.06423483436460474,-1.8225993517064847
spice_tl_timeseries,t002,tl_qpm_ladder,tl_qpm,discovery,19.0321942,0.3792716634632795,0.049962153697165015,0.06553764507700925,-1.7388216856540541
spice_tl_timeseries,t002,tl_qpm_ladder,tl_qpm,discovery,19.364194199999996,0.38036117701460054,0.0511019441830124,0.06619750265923706,-1.6593958299570994
spice_tl_timeseries,t002,tl_qpm_ladder,tl_qpm,discovery,19.696192961599998,0.38166827320072316,0.05243265077231012,0.06621935028802357,-1.5871000519299487
spice_tl_timeseries,t002,tl_qpm_ladder,tl_qpm,discovery,20.0281483821,0.38277513334709357,0.05372344103812229,0.06559812686493278,-1.5227185780690506
spice_tl_timeseries,t002,tl_qpm_ladder,tl_qpm,discovery,20.3598634754,0.3843163629199814,0.054944069754566505,0.06432103770545378,-1.4695750632943403
spice_tl_timeseries,t002,tl_qpm_ladder,tl_qpm,discovery,20.690069972299998,0.38782976008318976,0.05609882364450644,0.06254008740348097,-1.412009678562903
spice_tl_timeseries,t002,tl_qpm_ladder,tl_qpm,discovery,21.019693099399998,0.3848318049824876,0.05735817059011293,0.0603878428265134,-1.3773460982230183
spice_tl_timeseries,t002,tl_qpm_ladder,tl_qpm,discovery,21.349110502600002,0.3910509573047261,0.058829008930232365,0.05773569220422372,-1.3680547012754865
spice_tl_timeseries,t002,tl_qpm_ladder,tl_qpm,discovery,21.6780790682,0.3894694325817949,0.05898951679958868,0.054752638031671706,-1.353902940668121
spice_tl_timeseries,t002,tl_qpm_ladder,tl_qpm,discovery,22.006880025999997,0.38713102811992156,0.05929057505122259,0.05163669255376378,-1.3633219245600614
spice_tl_timeseries,t002,tl_qpm_ladder,tl_qpm,discovery,22.3357781387,0.3941115915994693,0.06037986232237541,0.048570093606256255,-1.383870047909662
spice_tl_timeseries,t002,tl_qpm_ladder,tl_qpm,discovery,22.665886781199998,0.3881653905625995,0.0604621184260928,0.04566470092673947,-1.4284574215241896
spice_tl_timeseries,t002,tl_qpm_ladder,tl_qpm,discovery,22.99591214,0.3898593473696911,0.0601197505135334,0.04329368071101879,-1.4950525596644164
spice_tl_timeseries,t002,tl_qpm_ladder,tl_qpm,discovery,23.325796280000002,0.3932209478329392,0.05996069648218889,0.04159494463573753,-1.5441596922051684
spice_tl_timeseries,t002,tl_qpm_ladder,tl_qpm,discovery,23.6544184867,0.38723899127556144,0.06004725907841277,0.040711713666200924,-1.6098811093235756
spice_tl_timeseries,t002,tl_qpm_ladder,tl_qpm,discovery,23.9830041552,0.39318356643052654,0.060035339434865616,0.04068336779961652,-1.7139710429150012
spice_tl_timeseries,t002,tl_qpm_ladder,tl_qpm,discovery,24.3116835552,0.394306238700224,0.058923607546050694,0.04151534354590545,-1.7681287944541806
spice_tl_timeseries,t002,tl_qpm_ladder,tl_qpm,discovery,24.640554228699997,0.3906380030247466,0.058769039568314876,0.043116230887335884,-1.8248189323919313
spice_tl_timeseries,t002,tl_qpm_ladder,tl_qpm,discovery,24.969823888799997,0.3964015204108445,0.05909469381035314,0.045376603982583225,-1.878003645155399
spice_tl_timeseries,t002,tl_qpm_ladder,tl_qpm,discovery,25.2990963286,0.3946844358458845,0.05829295175866462,0.047895036831905664,-1.902722078645274
spice_tl_timeseries,t002,tl_qpm_ladder,tl_qpm,discovery,25.630049458499997,0.39562079862154564,0.058115276933202724,0.05033219520897537,-1.9220322883472392
spice_tl_timeseries,t002,tl_qpm_ladder,tl_qpm,discovery,25.9612972551,0.3976743889429981,0.05796073586793818,0.05296133734493884,-1.9152651061143864
spice_tl_timeseries,t002,tl_qpm_ladder,tl_qpm,discovery,26.292586880900004,0.39701246365986864,0.057801111867478036,0.05546194341869866,-1.9017856808063858
spice_tl_timeseries,t002,tl_qpm_ladder,tl_qpm,discovery,26.6238217185,0.3973869303584747,0.05746650390516498,0.057716506144404496,-1.8821813114472619
spice_tl_timeseries,t002,tl_qpm_ladder,tl_qpm,discovery,26.955351841500004,0.3990214372250114,0.0574163380236282,0.059559472260731765,-1.8459640322061999
spice_tl_timeseries,t002,tl_qpm_ladder,tl_qpm,discovery,27.2872151151,0.3993651885907843,0.05754264468207107,0.06115555750240205,-1.8126963778198038
spice_tl_timeseries,t002,tl_qpm_ladder,tl_qpm,discovery,27.618457762899997,0.40090391847895,0.05750537395375152,0.06233424655887501,-1.7849056826570884
spice_tl_timeseries,t002,tl_qpm_ladder,tl_qpm,discovery,27.948811265800003,0.4033239278911892,0.05743159508852905,0.06317897778073762,-1.7235861176042517
spice_tl_timeseries,t002,tl_qpm_ladder,tl_qpm,discovery,28.278205544,0.3980392230798358,0.0581997604515146,0.0638191163096778,-1.6749919465896639
spice_tl_timeseries,c001,tl_mismatched_ladder_control,tl_phase_mismatched_control,control,15.3841746251,0.359411627579352,0.03240733409472002,0.03435675894808563,-1.346329166236531
spice_tl_timeseries,c001,tl_mismatched_ladder_control,tl_phase_mismatched_control,control,15.7132155867,0.36798714254836246,0.031107435150710915,0.03477676722232154,-1.3152003337868123
spice_tl_timeseries,c001,tl_mismatched_ladder_control,tl_phase_mismatched_control,control,16.042357235,0.3649433896336263,0.02948592312213512,0.03482096933611648,-1.2978423152705592
spice_tl_timeseries,c001,tl_mismatched_ladder_control,tl_phase_mismatched_control,control,16.3708677876,0.36855162937640207,0.028158843971469203,0.03462466250979118,-1.294171000389026
spice_tl_timeseries,c001,tl_mismatched_ladder_control,tl_phase_mismatched_control,control,16.6983587076,0.3746279159454734,0.0267546679860797,0.03392701272007265,-1.2649903813754158
spice_tl_timeseries,c001,tl_mismatched_ladder_control,tl_phase_mismatched_control,control,17.023313327700002,0.36547184810637123,0.024976780116533318,0.03346045115831598,-1.2695887054877293
spice_tl_timeseries,c001,tl_mismatched_ladder_control,tl_phase_mismatched_control,control,17.3471649992,0.37908752636861764,0.02336425136767167,0.032923260197058705,-1.2579173141982913
spice_tl_timeseries,c001,tl_mismatched_ladder_control,tl_phase_mismatched_control,control,17.6715421196,0.3722742960962957,0.022304925373327764,0.032284276265287744,-1.188284984203209
spice_tl_timeseries,c001,tl_mismatched_ladder_control,tl_phase_mismatched_control,control,17.997136598899996,0.37196776349231814,0.021750126023429003,0.03186233478206265,-1.1866930274679959
spice_tl_timeseries,c001,tl_mismatched_ladder_control,tl_phase_mismatched_control,control,18.3222874643,0.3820468926898404,0.021037373761295337,0.031184931756467017,-1.1387085133458985
spice_tl_timeseries,c001,tl_mismatched_ladder_control,tl_phase_mismatched_control,control,18.6470107684,0.371677707421611,0.020553224290370126,0.030929998149071193,-1.103873000976142
spice_tl_timeseries,c001,tl_mismatched_ladder_control,tl_phase_mismatched_control,control,18.9741300381,0.3811503138447759,0.02070442083932739,0.030595020021154447,-1.0467080438750465
spice_tl_timeseries,c001,tl_mismatched_ladder_control,tl_phase_mismatched_control,control,19.302623161,0.3800170241252581,0.021309541868498347,0.03059051773599151,-0.9791432091135857
spice_tl_timeseries,c001,tl_mismatched_ladder_control,tl_phase_mismatched_control,control,19.6312226239,0.3776540686783969,0.021810853795917295,0.030799510249079027,-0.9646042139953437
spice_tl_timeseries,c001,tl_mismatched_ladder_control,tl_phase_mismatched_control,control,19.9597272765,0.38553948018685813,0.022290321407269848,0.031119548482626623,-0.9213552308183566
spice_tl_timeseries,c001,tl_mismatched_ladder_control,tl_phase_mismatched_control,control,20.2882285047,0.381269472298021,0.023205329118816773,0.0317239198196376,-0.8883510484783201
spice_tl_timeseries,c001,tl_mismatched_ladder_control,tl_phase_mismatched_control,control,20.6176763491,0.3840768097334303,0.024311810500159098,0.03213661374220694,-0.888993700864182
spice_tl_timeseries,c001,tl_mismatched_ladder_control,tl_phase_mismatched_control,control,20.9464413607,0.3880103210511206,0.025138834173620478,0.032605588923826194,-0.8785090171919521
spice_tl_timeseries,c001,tl_mismatched_ladder_control,tl_phase_mismatched_control,control,21.2734047543,0.3801786327937131,0.02555665384019921,0.0330036496160804,-0.8818371458592758
spice_tl_timeseries,c001,tl_mismatched_ladder_control,tl_phase_mismatched_control,control,21.6005186478,0.3903206368990256,0.02628764468286186,0.033430935649910946,-0.8791952882926903
spice_tl_timeseries,c001,tl_mismatched_ladder_control,tl_phase_mismatched_control,control,21.927660657599997,0.388988968064255,0.027269220424381076,0.0338604424131419,-0.8667759182417409
spice_tl_timeseries,c001,tl_mismatched_ladder_control,tl_phase_mismatched_control,control,22.2557564794,0.385401694948916,0.02768966869263374,0.03437685182435414,-0.9015447524443232
spice_tl_timeseries,c001,tl_mismatched_ladder_control,tl_phase_mismatched_control,control,22.584173038,0.39313252607089266,0.02777404142161836,0.03482539600113338,-0.9014643230764747
spice_tl_timeseries,c001,tl_mismatched_ladder_control,tl_phase_mismatched_control,control,22.9130178275,0.38884393387706595,0.028297621905966602,0.03523306334329607,-0.8960290083964271
spice_tl_timeseries,c001,tl_mismatched_ladder_control,tl_phase_mismatched_control,control,23.242856888000002,0.3902439690028137,0.02871321281476305,0.035368863376352096,-0.925044450389894
spice_tl_timeseries,c001,tl_mismatched_ladder_control,tl_phase_mismatched_control,control,23.572165847,0.3930151632413668,0.028794263536255107,0.03539350088580013,-0.9358315065867835
spice_tl_timeseries,c001,tl_mismatched_ladder_control,tl_phase_mismatched_control,control,23.9014275321,0.3883255953687399,0.02840199953058408,0.03537826950424477,-0.9453466627092659
spice_tl_timeseries,c001,tl_mismatched_ladder_control,tl_phase_mismatched_control,control,24.2308193972,0.39315744608509184,0.028434586170676915,0.035282045492466996,-0.9535211059407942
spice_tl_timeseries,c001,tl_mismatched_ladder_control,tl_phase_mismatched_control,control,24.5604131219,0.3944114806444188,0.028256609361863062,0.03513012538792576,-0.9577621924988193
spice_tl_timeseries,c001,tl_mismatched_ladder_control,tl_phase_mismatched_control,control,24.890384419300002,0.3915967607779826,0.027497219134196633,0.03493288362731575,-0.9751629238771784
spice_tl_timeseries,c001,tl_mismatched_ladder_control,tl_phase_mismatched_control,control,25.2211794345,0.39615543148089727,0.02702933234318713,0.03488273931200548,-0.9778190486699074
spice_tl_timeseries,c001,tl_mismatched_ladder_control,tl_phase_mismatched_control,control,25.552941659000005,0.3967574766677595,0.026378719446953563,0.034719917637910845,-0.9835005927851608
spice_tl_timeseries,c001,tl_mismatched_ladder_control,tl_phase_mismatched_control,control,25.884931267400002,0.3972485154838743,0.025666714244644902,0.03449632202983186,-0.9886226126879869
spice_tl_timeseries,c001,tl_mismatched_ladder_control,tl_phase_mismatched_control,control,26.216920875800003,0.3978036306655782,0.02489124012831584,0.03427519718690182,-0.9921880643549397
spice_tl_timeseries,c001,tl_mismatched_ladder_control,tl_phase_mismatched_control,control,26.5489104842,0.3983326064420633,0.024129738008547567,0.034075866864013316,-0.9896649447645274
spice_tl_timeseries,c001,tl_mismatched_ladder_control,tl_phase_mismatched_control,control,26.8809000926,0.39875474645646375,0.023468998315948477,0.033934839843417365,-0.9827260529577266
spice_tl_timeseries,c001,tl_mismatched_ladder_control,tl_phase_mismatched_control,control,27.212881439300002,0.39933534266582915,0.022853820729906486,0.033861802447988455,-0.9731518911392172
spice_tl_timeseries,c001,tl_mismatched_ladder_control,tl_phase_mismatched_control,control,27.544784061599998,0.39970383781232394,0.022292290398830336,0.033855949158011045,-0.9570945512284155
spice_tl_timeseries,c001,tl_mismatched_ladder_control,tl_phase_mismatched_control,control,27.8763820518,0.39971068162785284,0.021902776079106075,0.033929538541090834,-0.9376414993698727
spice_tl_timeseries,c001,tl_mismatched_ladder_control,tl_phase_mismatched_control,control,28.2071572173,0.402707852123504,0.021500407143056746,0.034105350246040105,-0.9145794471622679
spice_tl_timeseries,c002,tl_lumped_equivalent_control,tl_lumped_equivalent_control,control,15.399188699999998,0.5871102807605737,0.08362971895553645,0.03084505313046657,0.020341421063291953
spice_tl_timeseries,c002,tl_lumped_equivalent_control,tl_lumped_equivalent_control,control,15.731188699999999,0.5871102756129589,0.08363063950972673,0.030845761608513926,0.020345131472790268
spice_tl_timeseries,c002,tl_lumped_equivalent_control,tl_lumped_equivalent_control,control,16.063188699999998,0.5871102803298806,0.08363120882406615,0.03084623866054526,0.020349190659960215
spice_tl_timeseries,c002,tl_lumped_equivalent_control,tl_lumped_equivalent_control,control,16.3951887,0.5871102791388105,0.0836316154241414,0.03084672979144189,0.020351200025894745
spice_tl_timeseries,c002,tl_lumped_equivalent_control,tl_lumped_equivalent_control,control,16.7271887,0.5871102860137377,0.08363185582957554,0.03084708786083238,0.020356344223863676
spice_tl_timeseries,c002,tl_lumped_equivalent_control,tl_lumped_equivalent_control,control,17.0591887,0.587110278377325,0.0836319054578262,0.030847405979281147,0.02035733482943991
spice_tl_timeseries,c002,tl_lumped_equivalent_control,tl_lumped_equivalent_control,control,17.391188699999997,0.5871102804536955,0.08363186278486022,0.030847706555270433,0.020363311613332602
spice_tl_timeseries,c002,tl_lumped_equivalent_control,tl_lumped_equivalent_control,control,17.723188699999998,0.5871102778008774,0.08363176391740551,0.03084784213924384,0.020368809532106624
spice_tl_timeseries,c002,tl_lumped_equivalent_control,tl_lumped_equivalent_control,control,18.0551887,0.5871102812606965,0.08363168675655838,0.030847894976025216,0.0203727384435477
spice_tl_timeseries,c002,tl_lumped_equivalent_control,tl_lumped_equivalent_control,control,18.3871887,0.5871102794758395,0.08363159916582301,0.0308478909593302,0.020376301714263523
spice_tl_timeseries,c002,tl_lumped_equivalent_control,tl_lumped_equivalent_control,control,18.7191887,0.5871102832445394,0.08363151344720113,0.03084785266744088,0.02037933967492478
spice_tl_timeseries,c002,tl_lumped_equivalent_control,tl_lumped_equivalent_control,control,19.051188699999997,0.5871102804627074,0.08363140857849985,0.030847925320288877,0.020380686997514275
spice_tl_timeseries,c002,tl_lumped_equivalent_control,tl_lumped_equivalent_control,control,19.383188699999998,0.587110281492077,0.08363135606359577,0.030847981752111942,0.02037833494908492
spice_tl_timeseries,c002,tl_lumped_equivalent_control,tl_lumped_equivalent_control,control,19.7151887,0.5871102786246694,0.08363129984346498,0.03084802728895476,0.020378100521728726
spice_tl_timeseries,c002,tl_lumped_equivalent_control,tl_lumped_equivalent_control,control,20.0471887,0.5871102808485438,0.08363125458473292,0.030848042138517124,0.02037834824397855
spice_tl_timeseries,c002,tl_lumped_equivalent_control,tl_lumped_equivalent_control,control,20.3791887,0.587110280164359,0.08363121663209092,0.03084793430383802,0.02037605019403177
spice_tl_timeseries,c002,tl_lumped_equivalent_control,tl_lumped_equivalent_control,control,20.711188699999997,0.5871102814565617,0.08363123307325139,0.030847880685399842,0.020374160546619002
spice_tl_timeseries,c002,tl_lumped_equivalent_control,tl_lumped_equivalent_control,control,21.043188699999998,0.5871102806959104,0.08363124652903638,0.03084784863320254,0.020372637423004214
spice_tl_timeseries,c002,tl_lumped_equivalent_control,tl_lumped_equivalent_control,control,21.3751887,0.5871102820115632,0.08363128227642894,0.030848040330096124,0.020369082959747153
spice_tl_timeseries,c002,tl_lumped_equivalent_control,tl_lumped_equivalent_control,control,21.7071887,0.5871102797339961,0.0836314068630936,0.030848445497967347,0.02036358438399244
spice_tl_timeseries,c002,tl_lumped_equivalent_control,tl_lumped_equivalent_control,control,22.0391887,0.5871102810467146,0.08363151288323194,0.03084868845821021,0.020361742490888624
spice_tl_timeseries,c002,tl_lumped_equivalent_control,tl_lumped_equivalent_control,control,22.371188699999998,0.587110281422799,0.08363158881308998,0.030848974229378903,0.020363501405692208
spice_tl_timeseries,c002,tl_lumped_equivalent_control,tl_lumped_equivalent_control,control,22.7031887,0.5871102822882056,0.08363165473217168,0.03084917192565965,0.020364881762115594
spice_tl_timeseries,c002,tl_lumped_equivalent_control,tl_lumped_equivalent_control,control,23.0351887,0.5871102814973547,0.08363173373018265,0.03084931017555572,0.020365949220908508
spice_tl_timeseries,c002,tl_lumped_equivalent_control,tl_lumped_equivalent_control,control,23.3671887,0.5871102821989617,0.08363181471047398,0.030849399855646508,0.020366912470912713
spice_tl_timeseries,c002,tl_lumped_equivalent_control,tl_lumped_equivalent_control,control,23.6991887,0.5871102818768593,0.08363188889729789,0.03084949806291226,0.02036893338257162
spice_tl_timeseries,c002,tl_lumped_equivalent_control,tl_lumped_equivalent_control,control,24.031188699999998,0.5871102819019208,0.08363196316729007,0.03084971803125994,0.02037332013118931
spice_tl_timeseries,c002,tl_lumped_equivalent_control,tl_lumped_equivalent_control,control,24.3631887,0.587110281229061,0.08363199654496647,0.03084988391261873,0.02037697216523382
spice_tl_timeseries,c002,tl_lumped_equivalent_control,tl_lumped_equivalent_control,control,24.6951887,0.5871102822306158,0.0836319988089436,0.030849973596115864,0.020380043732247444
spice_tl_timeseries,c002,tl_lumped_equivalent_control,tl_lumped_equivalent_control,control,25.0271887,0.5871102819477353,0.0836319946671687,0.030850013296976828,0.020382458694510053
spice_tl_timeseries,c002,tl_lumped_equivalent_control,tl_lumped_equivalent_control,control,25.359188699999997,0.5871102818651048,0.08363198847038243,0.03085002487012345,0.020384279746018752
spice_tl_timeseries,c002,tl_lumped_equivalent_control,tl_lumped_equivalent_control,control,25.691188699999998,0.58711028172036,0.08363196882629417,0.030850020622580205,0.020385628931705924
spice_tl_timeseries,c002,tl_lumped_equivalent_control,tl_lumped_equivalent_control,control,26.0231887,0.5871102818492571,0.08363194160300615,0.030850007987113414,0.020386634680090943
spice_tl_timeseries,c002,tl_lumped_equivalent_control,tl_lumped_equivalent_control,control,26.3551887,0.5871102815193452,0.08363191799029163,0.030849991881746194,0.02038733954625993
spice_tl_timeseries,c002,tl_lumped_equivalent_control,tl_lumped_equivalent_control,control,26.6871887,0.5871102817538923,0.08363189665062237,0.030849974764115908,0.020387808979727584
spice_tl_timeseries,c002,tl_lumped_equivalent_control,tl_lumped_equivalent_control,control,27.019188699999997,0.5871102818658647,0.08363187444081979,0.030849958405512454,0.020388115753375846
spice_tl_timeseries,c002,tl_lumped_equivalent_control,tl_lumped_equivalent_control,control,27.3511887,0.5871102819367663,0.0836318538023539,0.03084994396688942,0.020388328921572718
spice_tl_timeseries,c002,tl_lumped_equivalent_control,tl_lumped_equivalent_control,control,27.6831887,0.5871102817786505,0.08363183858400433,0.030849931713310814,0.0203884434725774
spice_tl_timeseries,c002,tl_lumped_equivalent_control,tl_lumped_equivalent_control,control,28.0151887,0.5871102818364362,0.08363182634378453,0.030849921484961153,0.020388500557151357
spice_tl_timeseries,c002,tl_lumped_equivalent_control,tl_lumped_equivalent_control,control,28.347188700000004,0.5871102817341284,0.08363181667454257,0.030849913171622848,0.020388534825972027
spice_tl_timeseries,c003,tl_linear_no_nonlinearity_control,tl_linear_no_nonlinearity_control,control,15.4004249,0.36315816544642404,5.0345226194885684e-05,1.2496973687472114e-07,-0.5481443388438829
spice_tl_timeseries,c003,tl_linear_no_nonlinearity_control,tl_linear_no_nonlinearity_control,control,15.732424899999998,0.3648121097483694,4.9615421080834804e-05,1.3417569319952798e-07,-0.4529342133871528
spice_tl_timeseries,c003,tl_linear_no_nonlinearity_control,tl_linear_no_nonlinearity_control,control,16.0644249,0.36676562083870107,4.968436796128946e-05,1.1940948007598137e-07,-0.30137477897290044
spice_tl_timeseries,c003,tl_linear_no_nonlinearity_control,tl_linear_no_nonlinearity_control,control,16.3964249,0.36843209427150236,4.726407581973256e-05,1.1178864412296187e-07,-0.3005452229488781
spice_tl_timeseries,c003,tl_linear_no_nonlinearity_control,tl_linear_no_nonlinearity_control,control,16.7284249,0.36989879505658496,4.480906664469009e-05,1.1686219037131356e-07,-0.19805889473601024
spice_tl_timeseries,c003,tl_linear_no_nonlinearity_control,tl_linear_no_nonlinearity_control,control,17.060424899999997,0.37159515179797237,4.376958924751122e-05,1.0999991617275404e-07,0.014835768380384806
spice_tl_timeseries,c003,tl_linear_no_nonlinearity_control,tl_linear_no_nonlinearity_control,control,17.392424899999998,0.37298446237717137,4.10672256084208e-05,9.849123023979732e-08,-0.0354822255310161
spice_tl_timeseries,c003,tl_linear_no_nonlinearity_control,tl_linear_no_nonlinearity_control,control,17.724424900000002,0.3742818363406101,3.7747532510661735e-05,1.0507730483841174e-07,0.02594058575595959
spice_tl_timeseries,c003,tl_linear_no_nonlinearity_control,tl_linear_no_nonlinearity_control,control,18.0564249,0.37575938786761687,3.734121557588359e-05,1.0519106639390682e-07,0.19127430347732854
spice_tl_timeseries,c003,tl_linear_no_nonlinearity_control,tl_linear_no_nonlinearity_control,control,18.388424899999997,0.3769575544503937,3.63488785021249e-05,8.985888243433725e-08,0.19685222613837272
spice_tl_timeseries,c003,tl_linear_no_nonlinearity_control,tl_linear_no_nonlinearity_control,control,18.720424899999998,0.3781755718653615,3.363305507353146e-05,9.647532744415462e-08,0.19297796005601597
spice_tl_timeseries,c003,tl_linear_no_nonlinearity_control,tl_linear_no_nonlinearity_control,control,19.0524249,0.37953271235572433,3.213442111330489e-05,9.377759547669641e-08,0.360024335624745
spice_tl_timeseries,c003,tl_linear_no_nonlinearity_control,tl_linear_no_nonlinearity_control,control,19.3844249,0.3806366918092146,3.139623580197367e-05,8.119355571748722e-08,0.4216522612626923
spice_tl_timeseries,c003,tl_linear_no_nonlinearity_control,tl_linear_no_nonlinearity_control,control,19.7164249,0.38182573455729074,2.9040780875228055e-05,8.284136934448515e-08,0.3317842210220219
spice_tl_timeseries,c003,tl_linear_no_nonlinearity_control,tl_linear_no_nonlinearity_control,control,20.048424899999997,0.3830944335259256,2.6672733127794436e-05,8.056915355345995e-08,0.4965779727765258
spice_tl_timeseries,c003,tl_linear_no_nonlinearity_control,tl_linear_no_nonlinearity_control,control,20.380424899999998,0.3841188078635594,2.60617124148669e-05,7.063079573952287e-08,0.5705343637208653
spice_tl_timeseries,c003,tl_linear_no_nonlinearity_control,tl_linear_no_nonlinearity_control,control,20.712424900000002,0.38524723872978234,2.4769889532804627e-05,6.77690133814891e-08,0.46777537271846725
spice_tl_timeseries,c003,tl_linear_no_nonlinearity_control,tl_linear_no_nonlinearity_control,control,21.0444249,0.38639450675103654,2.257670839369686e-05,6.958723486646834e-08,0.5898313325369715
spice_tl_timeseries,c003,tl_linear_no_nonlinearity_control,tl_linear_no_nonlinearity_control,control,21.376424899999996,0.3873156479889135,2.1382455008871123e-05,5.799588073530415e-08,0.6689372565580465
spice_tl_timeseries,c003,tl_linear_no_nonlinearity_control,tl_linear_no_nonlinearity_control,control,21.708424899999997,0.3883446182217066,2.052403619017047e-05,5.5226802108915426e-08,0.5809499747766127
spice_tl_timeseries,c003,tl_linear_no_nonlinearity_control,tl_linear_no_nonlinearity_control,control,22.040424899999998,0.38934538414160585,1.8820376862093503e-05,5.660341857020962e-08,0.6331929358418034
spice_tl_timeseries,c003,tl_linear_no_nonlinearity_control,tl_linear_no_nonlinearity_control,control,22.3724249,0.39015144229488224,1.777126670861101e-05,4.734407143296329e-08,0.7506593371310943
spice_tl_timeseries,c003,tl_linear_no_nonlinearity_control,tl_linear_no_nonlinearity_control,control,22.7044249,0.3910631311020689,1.7398071109903514e-05,4.4623459397918396e-08,0.6387893517076835
spice_tl_timeseries,c003,tl_linear_no_nonlinearity_control,tl_linear_no_nonlinearity_control,control,23.0364249,0.39191490803346896,1.6139333496041274e-05,4.4773491014500484e-08,0.7031962309641386
spice_tl_timeseries,c003,tl_linear_no_nonlinearity_control,tl_linear_no_nonlinearity_control,control,23.368424899999997,0.3926134408461039,1.4841346233435449e-05,3.838285561234801e-08,0.8176386484785674
spice_tl_timeseries,c003,tl_linear_no_nonlinearity_control,tl_linear_no_nonlinearity_control,control,23.700424899999998,0.393414528208062,1.4323789617548313e-05,3.332171719445855e-08,0.7334995432761442
spice_tl_timeseries,c003,tl_linear_no_nonlinearity_control,tl_linear_no_nonlinearity_control,control,24.032424900000002,0.3941374008514732,1.340904214305275e-05,3.558816577130098e-08,0.7829161111788645
spice_tl_timeseries,c003,tl_linear_no_nonlinearity_control,tl_linear_no_nonlinearity_control,control,24.3644249,0.3947498869345665,1.1924801799937488e-05,2.849158723381185e-08,0.8713177321768111
spice_tl_timeseries,c003,tl_linear_no_nonlinearity_control,tl_linear_no_nonlinearity_control,control,24.696424899999997,0.3954576984084346,1.1372735930489819e-05,2.3625259568182053e-08,0.8332427451875306
spice_tl_timeseries,c003,tl_linear_no_nonlinearity_control,tl_linear_no_nonlinearity_control,control,25.028424899999997,0.39607547264034076,1.1346782014830263e-05,2.5691213443995805e-08,0.8072143583314766
spice_tl_timeseries,c003,tl_linear_no_nonlinearity_control,tl_linear_no_nonlinearity_control,control,25.360424899999998,0.39661744279523076,1.0549198188443967e-05,2.05302643385465e-08,0.9915587543693309
spice_tl_timeseries,c003,tl_linear_no_nonlinearity_control,tl_linear_no_nonlinearity_control,control,25.6924249,0.3972401129054926,9.68600168473462e-06,1.6765383459916965e-08,0.9061148546117366
spice_tl_timeseries,c003,tl_linear_no_nonlinearity_control,tl_linear_no_nonlinearity_control,control,26.024424900000003,0.39776576119022705,9.688521227391204e-06,1.7294601077627412e-08,0.9322853359209615
spice_tl_timeseries,c003,tl_linear_no_nonlinearity_control,tl_linear_no_nonlinearity_control,control,26.356424899999997,0.39824268415152764,9.633322531103834e-06,1.5777245778359597e-08,1.1747836982817708
spice_tl_timeseries,c003,tl_linear_no_nonlinearity_control,tl_linear_no_nonlinearity_control,control,26.688424899999998,0.39878240177909413,9.056222829861457e-06,1.0435920707895182e-08,1.0615646414991655
spice_tl_timeseries,c003,tl_linear_no_nonlinearity_control,tl_linear_no_nonlinearity_control,control,27.020424900000002,0.399224645414853,8.912013790740058e-06,1.1938228332554347e-08,1.1029930104965953
spice_tl_timeseries,c003,tl_linear_no_nonlinearity_control,tl_linear_no_nonlinearity_control,control,27.3524249,0.3996404881561646,9.129459164155035e-06,1.1465454149542432e-08,1.3960996285735856
spice_tl_timeseries,c003,tl_linear_no_nonlinearity_control,tl_linear_no_nonlinearity_control,control,27.6844249,0.4001013027287088,9.025239872026877e-06,7.611253804573708e-09,1.5868577040541165
spice_tl_timeseries,c003,tl_linear_no_nonlinearity_control,tl_linear_no_nonlinearity_control,control,28.0164249,0.4004701272635002,8.877568370626236e-06,8.769248768687712e-09,1.3212899309854684
spice_tl_timeseries,c003,tl_linear_no_nonlinearity_control,tl_linear_no_nonlinearity_control,control,28.3484249,0.4008310728761909,9.11032941671019e-06,1.0190833952209394e-08,1.7451461852986263
spice_tl_timeseries,c004,tl_detuned_target_control,tl_detuned_target_control,control,15.397515358899998,0.3628790887212633,0.368601322561378,0.008171842850543738,-0.6611450133718844
spice_tl_timeseries,c004,tl_detuned_target_control,tl_detuned_target_control,control,15.7293848398,0.36467491041113026,0.37268501685915884,0.008534467973424177,-0.6154882602506966
spice_tl_timeseries,c004,tl_detuned_target_control,tl_detuned_target_control,control,16.0613788,0.3666228537237411,0.3771343913511129,0.00873230943239377,-0.6636299739985403
spice_tl_timeseries,c004,tl_detuned_target_control,tl_detuned_target_control,control,16.393378799999997,0.3682661712840816,0.38207714734667314,0.008529832121682242,-0.6296123305974004
spice_tl_timeseries,c004,tl_detuned_target_control,tl_detuned_target_control,control,16.725378799999998,0.36977363738900104,0.388203586920062,0.008968485985418096,-0.6434059087793722
spice_tl_timeseries,c004,tl_detuned_target_control,tl_detuned_target_control,control,17.0573788,0.3714553036112067,0.3946576239552811,0.008708049024742292,-0.6588342899252879
spice_tl_timeseries,c004,tl_detuned_target_control,tl_detuned_target_control,control,17.389378800000003,0.3728163711161874,0.4009458656257751,0.008953595446798461,-0.6227272629143181
spice_tl_timeseries,c004,tl_detuned_target_control,tl_detuned_target_control,control,17.7213788,0.37415773759744686,0.4077212882451279,0.009116034238746785,-0.6669981262521656
spice_tl_timeseries,c004,tl_detuned_target_control,tl_detuned_target_control,control,18.053378799999997,0.37562479459351855,0.41475291291701094,0.008926450700185882,-0.6435744874970029
spice_tl_timeseries,c004,tl_detuned_target_control,tl_detuned_target_control,control,18.385378799999998,0.37679335698008076,0.4211556691639741,0.009287899795531535,-0.6492822335674919
spice_tl_timeseries,c004,tl_detuned_target_control,tl_detuned_target_control,control,18.7173788,0.3780523418844914,0.42722480680748937,0.009158462069575948,-0.6662226443400407
spice_tl_timeseries,c004,tl_detuned_target_control,tl_detuned_target_control,control,19.0493788,0.379405185427821,0.43339388063704803,0.009352980914333519,-0.6430030734925185
spice_tl_timeseries,c004,tl_detuned_target_control,tl_detuned_target_control,control,19.3802843402,0.3809369088025107,0.43949854463775,0.009490396874004707,-0.6726622339226669
spice_tl_timeseries,c004,tl_detuned_target_control,tl_detuned_target_control,control,19.7107102286,0.38489836014120793,0.4439646263532789,0.009438221956228308,-0.6629811145717186
spice_tl_timeseries,c004,tl_detuned_target_control,tl_detuned_target_control,control,20.041136116999997,0.38336987805146655,0.4451947583937106,0.009754202238712576,-0.6620877784317365
spice_tl_timeseries,c004,tl_detuned_target_control,tl_detuned_target_control,control,20.3715620054,0.38474397155012174,0.45153474392528925,0.009757785451995758,-0.6769628096558411
spice_tl_timeseries,c004,tl_detuned_target_control,tl_detuned_target_control,control,20.701987893800002,0.38828267446744885,0.45566274564506437,0.00990152565852913,-0.6715547321073427
spice_tl_timeseries,c004,tl_detuned_target_control,tl_detuned_target_control,control,21.032413782200003,0.3863782188207557,0.45438377547688313,0.01002723394605323,-0.6856343312832553
spice_tl_timeseries,c004,tl_detuned_target_control,tl_detuned_target_control,control,21.3638962,0.3871560961022443,0.4584651533965363,0.010115668014308446,-0.6800113369697778
spice_tl_timeseries,c004,tl_detuned_target_control,tl_detuned_target_control,control,21.6958962,0.38823270425611456,0.4595626705274669,0.010278310387241493,-0.6872224617497498
spice_tl_timeseries,c004,tl_detuned_target_control,tl_detuned_target_control,control,22.0278962,0.3891782170921006,0.45998624549704187,0.010294741196446123,-0.694501424409061
spice_tl_timeseries,c004,tl_detuned_target_control,tl_detuned_target_control,control,22.359896199999998,0.390000700430345,0.4600658493504632,0.010360976045723988,-0.695796320565067
spice_tl_timeseries,c004,tl_detuned_target_control,tl_detuned_target_control,control,22.691896200000002,0.39094311419494493,0.45993083106643234,0.010401632421825882,-0.6992974487969654
spice_tl_timeseries,c004,tl_detuned_target_control,tl_detuned_target_control,control,23.023896200000003,0.39173834919450645,0.4596240127469256,0.010461064391817576,-0.7002474629936684
spice_tl_timeseries,c004,tl_detuned_target_control,tl_detuned_target_control,control,23.3558962,0.39246134157841434,0.4592883482400295,0.010473159744725288,-0.7039518525143347
spice_tl_timeseries,c004,tl_detuned_target_control,tl_detuned_target_control,control,23.6878962,0.39328347700983934,0.45902215274554553,0.010499114982558694,-0.6989719093421929
spice_tl_timeseries,c004,tl_detuned_target_control,tl_detuned_target_control,control,24.019896199999998,0.3939566817215141,0.4589615321940562,0.010571953666739237,-0.7016496242904093
spice_tl_timeseries,c004,tl_detuned_target_control,tl_detuned_target_control,control,24.351896199999995,0.3945988721941931,0.4592259467665021,0.010554888231203366,-0.6989137854844025
spice_tl_timeseries,c004,tl_detuned_target_control,tl_detuned_target_control,control,24.6838962,0.3953224316550868,0.45973266390185236,0.010641569276597746,-0.6959396078881328
spice_tl_timeseries,c004,tl_detuned_target_control,tl_detuned_target_control,control,25.015896200000004,0.3959012416647261,0.4605243295728128,0.010644323401882864,-0.6977393917898711
spice_tl_timeseries,c004,tl_detuned_target_control,tl_detuned_target_control,control,25.3478962,0.39647241640979247,0.46180210838762153,0.010694546707131797,-0.6891007002575646
spice_tl_timeseries,c004,tl_detuned_target_control,tl_detuned_target_control,control,25.6798962,0.39710428573317125,0.4634006763076966,0.01078559460384492,-0.693692547047327
spice_tl_timeseries,c004,tl_detuned_target_control,tl_detuned_target_control,control,26.011896200000002,0.39760285734079676,0.4651222485378841,0.010764051329762256,-0.6905374648613511
spice_tl_timeseries,c004,tl_detuned_target_control,tl_detuned_target_control,control,26.3438962,0.39810595488155964,0.46717342186029864,0.010878832460688596,-0.6870664807559215
spice_tl_timeseries,c004,tl_detuned_target_control,tl_detuned_target_control,control,26.6758962,0.39864649921530937,0.4694956102456949,0.010897877001516332,-0.6926762527770305
spice_tl_timeseries,c004,tl_detuned_target_control,tl_detuned_target_control,control,27.0078962,0.39907265411515863,0.4717343077843567,0.010937801603663226,-0.6876517358680072
spice_tl_timeseries,c004,tl_detuned_target_control,tl_detuned_target_control,control,27.3398962,0.39951173941558404,0.4739534179196391,0.01102494223929867,-0.6932014636544093
spice_tl_timeseries,c004,tl_detuned_target_control,tl_detuned_target_control,control,27.671896200000003,0.39996429372411174,0.4762702668305183,0.011000811001942314,-0.6937460958174868
spice_tl_timeseries,c004,tl_detuned_target_control,tl_detuned_target_control,control,28.003896200000003,0.4003254786648758,0.47839564049384126,0.011088248869836944,-0.6928501858893297
spice_tl_timeseries,c004,tl_detuned_target_control,tl_detuned_target_control,control,28.3358962,0.4007080043414651,0.4802001926202174,0.011103952813711274,-0.6999028884573368
spice_tl_timeseries,c005,tl_shuffled_frequency_control,tl_shuffled_frequency_control,control,15.3881644377,0.3581784121937376,0.000288755987158449,3.8706830804953376e-05,1.4193282263325067
spice_tl_timeseries,c005,tl_shuffled_frequency_control,tl_shuffled_frequency_control,control,15.7157118806,0.36760477343941816,0.00030455411821482493,4.3792794876231686e-05,0.7576243852755589
spice_tl_timeseries,c005,tl_shuffled_frequency_control,tl_shuffled_frequency_control,control,16.0430675403,0.363871014987609,0.00030659897831945105,4.6422103474542435e-05,0.7651609167220776
spice_tl_timeseries,c005,tl_shuffled_frequency_control,tl_shuffled_frequency_control,control,16.3708922126,0.3646063368737655,0.00030072381049849484,5.9089832518308695e-05,1.0877023653177957
spice_tl_timeseries,c005,tl_shuffled_frequency_control,tl_shuffled_frequency_control,control,16.7002974651,0.3710675395709554,0.0003124876187344208,4.553880383053714e-05,1.047263239178438
spice_tl_timeseries,c005,tl_shuffled_frequency_control,tl_shuffled_frequency_control,control,17.030416893499996,0.3689174341738914,0.0003185565798773691,5.6101612465344686e-05,1.0700748036789633
spice_tl_timeseries,c005,tl_shuffled_frequency_control,tl_shuffled_frequency_control,control,17.360476855499996,0.372237187446084,0.0003140067865505531,6.01694247908252e-05,0.9920195950595705
spice_tl_timeseries,c005,tl_shuffled_frequency_control,tl_shuffled_frequency_control,control,17.6914314391,0.3742974126320749,0.00031846723148554076,4.624757489580338e-05,1.2418629947623767
spice_tl_timeseries,c005,tl_shuffled_frequency_control,tl_shuffled_frequency_control,control,18.022666142800002,0.3741792161829163,0.0003238213137477375,4.6672550728315534e-05,1.0659975347526682
spice_tl_timeseries,c005,tl_shuffled_frequency_control,tl_shuffled_frequency_control,control,18.353995602399998,0.37650504792963485,0.0003239054063120977,4.869171268353697e-05,1.0657063435599952
spice_tl_timeseries,c005,tl_shuffled_frequency_control,tl_shuffled_frequency_control,control,18.6855482997,0.3773876781625785,0.00032309073939973913,4.868102989441209e-05,1.2800861751351462
spice_tl_timeseries,c005,tl_shuffled_frequency_control,tl_shuffled_frequency_control,control,19.017275916899997,0.37831765351409713,0.0003251544717239316,4.289096022109962e-05,1.149670484321847
spice_tl_timeseries,c005,tl_shuffled_frequency_control,tl_shuffled_frequency_control,control,19.3490979731,0.37983815391516607,0.00032924660077559735,4.756966832807245e-05,1.1295617234519018
spice_tl_timeseries,c005,tl_shuffled_frequency_control,tl_shuffled_frequency_control,control,19.681030646400004,0.38118886519102174,0.00033052826815789895,4.907839218329194e-05,1.2432302657102028
spice_tl_timeseries,c005,tl_shuffled_frequency_control,tl_shuffled_frequency_control,control,20.0129724645,0.38223394607919287,0.0003307937205220491,4.2340811301274084e-05,1.1566230132921138
spice_tl_timeseries,c005,tl_shuffled_frequency_control,tl_shuffled_frequency_control,control,20.3447051867,0.3840278828955539,0.0003351580315916305,4.6921140877600506e-05,1.1765609801743189
spice_tl_timeseries,c005,tl_shuffled_frequency_control,tl_shuffled_frequency_control,control,20.675998675899997,0.3847563549279343,0.0003395979874882187,4.5648217079345636e-05,1.2365828554867573
spice_tl_timeseries,c005,tl_shuffled_frequency_control,tl_shuffled_frequency_control,control,21.0071929826,0.3851458584319104,0.00034026294472508655,4.051570918378596e-05,1.1089947160850073
spice_tl_timeseries,c005,tl_shuffled_frequency_control,tl_shuffled_frequency_control,control,21.338247544500003,0.3881485032753282,0.0003396263958300933,4.696640175230435e-05,1.2372867639879495
spice_tl_timeseries,c005,tl_shuffled_frequency_control,tl_shuffled_frequency_control,control,21.6690301094,0.3876347587140881,0.0003455111890386324,4.1672039851702664e-05,1.2242957768232188
spice_tl_timeseries,c005,tl_shuffled_frequency_control,tl_shuffled_frequency_control,control,21.999824573899996,0.3883215557155145,0.00034885440487213284,3.907024345758415e-05,1.1326820325607354
spice_tl_timeseries,c005,tl_shuffled_frequency_control,tl_shuffled_frequency_control,control,22.3306938341,0.3914366443695074,0.0003445841557397233,4.7879031743205504e-05,1.2598132894870915
spice_tl_timeseries,c005,tl_shuffled_frequency_control,tl_shuffled_frequency_control,control,22.661690305199997,0.3904937780459735,0.00034662110422219454,3.867865182287893e-05,1.3182701499457643
spice_tl_timeseries,c005,tl_shuffled_frequency_control,tl_shuffled_frequency_control,control,22.9925406715,0.39214147116103937,0.0003521110357732089,3.946131742235336e-05,1.220353110258932
spice_tl_timeseries,c005,tl_shuffled_frequency_control,tl_shuffled_frequency_control,control,23.3235233552,0.39405305541052194,0.0003491030114752685,4.855597179442998e-05,1.2729156929280059
spice_tl_timeseries,c005,tl_shuffled_frequency_control,tl_shuffled_frequency_control,control,23.654784116299997,0.39293046717846125,0.0003496502686238806,4.062572406750564e-05,1.3615044960596965
spice_tl_timeseries,c005,tl_shuffled_frequency_control,tl_shuffled_frequency_control,control,23.986085704500002,0.39444193606649863,0.0003533299646405052,4.186655082411594e-05,1.2394264786458091
spice_tl_timeseries,c005,tl_shuffled_frequency_control,tl_shuffled_frequency_control,control,24.317495137799998,0.39516278491326917,0.0003538832085690853,4.753896400134963e-05,1.2799030115512817
spice_tl_timeseries,c005,tl_shuffled_frequency_control,tl_shuffled_frequency_control,control,24.6491902033,0.39479622430321903,0.00035644503175118956,4.378508462917555e-05,1.3176629210607462
spice_tl_timeseries,c005,tl_shuffled_frequency_control,tl_shuffled_frequency_control,control,24.9810602339,0.39555380573946125,0.00035697150318973644,4.348090367448242e-05,1.2288204961436868
spice_tl_timeseries,c005,tl_shuffled_frequency_control,tl_shuffled_frequency_control,control,25.3127241897,0.3962871107546779,0.0003568567572848255,4.733899655440027e-05,1.2762235483364623
spice_tl_timeseries,c005,tl_shuffled_frequency_control,tl_shuffled_frequency_control,control,25.6441353866,0.3955183634536767,0.00035743640314455245,4.136618766828287e-05,1.4036902376728673
spice_tl_timeseries,c005,tl_shuffled_frequency_control,tl_shuffled_frequency_control,control,25.9752524421,0.3977511746830652,0.0003603995761654753,4.3624155927071135e-05,1.2471877663948483
spice_tl_timeseries,c005,tl_shuffled_frequency_control,tl_shuffled_frequency_control,control,26.306019591600002,0.39745820480058036,0.0003579263333243,4.648046368195846e-05,1.238363725308762
spice_tl_timeseries,c005,tl_shuffled_frequency_control,tl_shuffled_frequency_control,control,26.6361333861,0.39463890616117886,0.000350657219133954,4.5527916437649854e-05,1.5301394823597807
spice_tl_timeseries,c005,tl_shuffled_frequency_control,tl_shuffled_frequency_control,control,26.965322099199998,0.40058517373408226,0.000361209036286826,3.958996497333699e-05,1.0117106267831417
spice_tl_timeseries,c005,tl_shuffled_frequency_control,tl_shuffled_frequency_control,control,27.2943881406,0.39631259121380885,0.00036414318054108245,4.4625921808350064e-05,1.190390650059463
spice_tl_timeseries,c005,tl_shuffled_frequency_control,tl_shuffled_frequency_control,control,27.623703276100002,0.3967653739826409,0.00035467323454055593,4.9548424525152384e-05,1.383717965659974
spice_tl_timeseries,c005,tl_shuffled_frequency_control,tl_shuffled_frequency_control,control,27.9533149926,0.40130708000738013,0.00036359701074226917,3.7592060719324556e-05,1.0555656551422938
spice_tl_timeseries,c005,tl_shuffled_frequency_control,tl_shuffled_frequency_control,control,28.2832879654,0.3977318887786309,0.0003683717197872692,4.630214784153653e-05,1.2547595790925143
spice_tl_timeseries,direct_4plus8_reference,tl_direct_4plus8_reference,tl_direct_4plus8_reference,ceiling_reference,15.398959663900001,0.3625388012056695,0.2558400645385189,0.5613272989906842,0.001841823551544941
spice_tl_timeseries,direct_4plus8_reference,tl_direct_4plus8_reference,tl_direct_4plus8_reference,ceiling_reference,15.730697765699999,0.36462047777431195,0.2560269731609074,0.5616802586624539,-0.0029966856649101814
spice_tl_timeseries,direct_4plus8_reference,tl_direct_4plus8_reference,tl_direct_4plus8_reference,ceiling_reference,16.0624358675,0.3665762919547594,0.25671757347644064,0.5636467158498656,-0.007401855704050941
spice_tl_timeseries,direct_4plus8_reference,tl_direct_4plus8_reference,tl_direct_4plus8_reference,ceiling_reference,16.394404768,0.36833921153819926,0.25702543860349486,0.5672415085975249,-0.015478932811747725
spice_tl_timeseries,direct_4plus8_reference,tl_direct_4plus8_reference,tl_direct_4plus8_reference,ceiling_reference,16.726391321999998,0.36984167806551355,0.2576803651443969,0.572413607419774,-0.02033183884364753
spice_tl_timeseries,direct_4plus8_reference,tl_direct_4plus8_reference,tl_direct_4plus8_reference,ceiling_reference,17.0583863,0.3715351714994162,0.2584351284214676,0.579044935404412,-0.02412608878306255
spice_tl_timeseries,direct_4plus8_reference,tl_direct_4plus8_reference,tl_direct_4plus8_reference,ceiling_reference,17.3903863,0.37290596146803817,0.25933625016063544,0.5869105893998725,-0.025903201554432265
spice_tl_timeseries,direct_4plus8_reference,tl_direct_4plus8_reference,tl_direct_4plus8_reference,ceiling_reference,17.722386299999997,0.37421940898150297,0.2604731871390553,0.5957379666767588,-0.026610902517168356
spice_tl_timeseries,direct_4plus8_reference,tl_direct_4plus8_reference,tl_direct_4plus8_reference,ceiling_reference,18.054386299999997,0.37569078374642356,0.26168997663778437,0.6052090377329793,-0.025775092703097524
spice_tl_timeseries,direct_4plus8_reference,tl_direct_4plus8_reference,tl_direct_4plus8_reference,ceiling_reference,18.386386299999998,0.376875728740778,0.262970454405647,0.6150163519178752,-0.023292372418239005
spice_tl_timeseries,direct_4plus8_reference,tl_direct_4plus8_reference,tl_direct_4plus8_reference,ceiling_reference,18.7183863,0.3781133889383403,0.2644260358296416,0.6248728209361587,-0.019506005134766635
spice_tl_timeseries,direct_4plus8_reference,tl_direct_4plus8_reference,tl_direct_4plus8_reference,ceiling_reference,19.0503863,0.37946382476136276,0.2659550460416348,0.6345026132561019,-0.01440203400983453
spice_tl_timeseries,direct_4plus8_reference,tl_direct_4plus8_reference,tl_direct_4plus8_reference,ceiling_reference,19.382386299999997,0.38055863670640017,0.2674442004404364,0.6436703170060489,-0.008650357426443378
spice_tl_timeseries,direct_4plus8_reference,tl_direct_4plus8_reference,tl_direct_4plus8_reference,ceiling_reference,19.714386299999997,0.3817682939841706,0.2689608261989207,0.6522138029955311,-0.0020180603121122687
spice_tl_timeseries,direct_4plus8_reference,tl_direct_4plus8_reference,tl_direct_4plus8_reference,ceiling_reference,20.046386299999998,0.3830308007704815,0.2705255092075163,0.6599890940249735,0.005639304946005286
spice_tl_timeseries,direct_4plus8_reference,tl_direct_4plus8_reference,tl_direct_4plus8_reference,ceiling_reference,20.3783863,0.38404865521185566,0.27198245171555524,0.6669019012434755,0.01296468315523347
spice_tl_timeseries,direct_4plus8_reference,tl_direct_4plus8_reference,tl_direct_4plus8_reference,ceiling_reference,20.7103863,0.3851953385089954,0.27331294064078304,0.6729129262860551,0.02043844013837237
spice_tl_timeseries,direct_4plus8_reference,tl_direct_4plus8_reference,tl_direct_4plus8_reference,ceiling_reference,21.042386299999997,0.38633707633327996,0.2746269186184975,0.6779889649124827,0.028714435623627743
spice_tl_timeseries,direct_4plus8_reference,tl_direct_4plus8_reference,tl_direct_4plus8_reference,ceiling_reference,21.374386299999998,0.38725391443539003,0.27581533654416696,0.6821375315628021,0.036082205600052486
spice_tl_timeseries,direct_4plus8_reference,tl_direct_4plus8_reference,tl_direct_4plus8_reference,ceiling_reference,21.7063863,0.3882967469932237,0.27679369258974473,0.6854005247954471,0.042901353812180076
spice_tl_timeseries,direct_4plus8_reference,tl_direct_4plus8_reference,tl_direct_4plus8_reference,ceiling_reference,22.0383863,0.38929255039755123,0.27766850830442524,0.6878156919175502,0.050305880701043026
spice_tl_timeseries,direct_4plus8_reference,tl_direct_4plus8_reference,tl_direct_4plus8_reference,ceiling_reference,22.3703863,0.39009703852025784,0.27842825910537317,0.6894313181968909,0.0566940835804286
spice_tl_timeseries,direct_4plus8_reference,tl_direct_4plus8_reference,tl_direct_4plus8_reference,ceiling_reference,22.702386299999997,0.3910182092124811,0.2789875600276003,0.6903219633871486,0.06216133064072471
spice_tl_timeseries,direct_4plus8_reference,tl_direct_4plus8_reference,tl_direct_4plus8_reference,ceiling_reference,23.034386299999998,0.3918656352603348,0.27938186553764327,0.6905526235030007,0.06796129852680499
spice_tl_timeseries,direct_4plus8_reference,tl_direct_4plus8_reference,tl_direct_4plus8_reference,ceiling_reference,23.3663863,0.3925656972572426,0.2796756386765744,0.6901925932754143,0.07291761246032058
spice_tl_timeseries,direct_4plus8_reference,tl_direct_4plus8_reference,tl_direct_4plus8_reference,ceiling_reference,23.6983863,0.39337266181193253,0.27984206515234017,0.6893169105417389,0.07694343310959795
spice_tl_timeseries,direct_4plus8_reference,tl_direct_4plus8_reference,tl_direct_4plus8_reference,ceiling_reference,24.0303863,0.3940913841902945,0.27985167073626566,0.6880007611253205,0.08098682576338678
spice_tl_timeseries,direct_4plus8_reference,tl_direct_4plus8_reference,tl_direct_4plus8_reference,ceiling_reference,24.362386299999997,0.39470802885098877,0.27977836192192873,0.6863195079294095,0.08435203135795977
spice_tl_timeseries,direct_4plus8_reference,tl_direct_4plus8_reference,tl_direct_4plus8_reference,ceiling_reference,24.694386299999998,0.39541922132047147,0.27965811621385195,0.684351606131441,0.0869864113004537
spice_tl_timeseries,direct_4plus8_reference,tl_direct_4plus8_reference,tl_direct_4plus8_reference,ceiling_reference,25.0263863,0.39603263857420945,0.2794534346562504,0.6821786705057494,0.08934262502526691
spice_tl_timeseries,direct_4plus8_reference,tl_direct_4plus8_reference,tl_direct_4plus8_reference,ceiling_reference,25.3583863,0.3965802831145843,0.2792006942518352,0.6798856656775357,0.0910354065069714
spice_tl_timeseries,direct_4plus8_reference,tl_direct_4plus8_reference,tl_direct_4plus8_reference,ceiling_reference,25.690386299999997,0.39720491364739285,0.2789524398413978,0.6775554730468459,0.09221963844485881
spice_tl_timeseries,direct_4plus8_reference,tl_direct_4plus8_reference,tl_direct_4plus8_reference,ceiling_reference,26.022386299999997,0.3977259933991587,0.27871173220253814,0.6752701440724316,0.09297638410417086
spice_tl_timeseries,direct_4plus8_reference,tl_direct_4plus8_reference,tl_direct_4plus8_reference,ceiling_reference,26.3543863,0.398208844606223,0.27847930887167127,0.6731184115606924,0.09302955222828935
spice_tl_timeseries,direct_4plus8_reference,tl_direct_4plus8_reference,tl_direct_4plus8_reference,ceiling_reference,26.6863863,0.39874981982273233,0.2782742902732607,0.6711898591047776,0.0927393954550384
spice_tl_timeseries,direct_4plus8_reference,tl_direct_4plus8_reference,tl_direct_4plus8_reference,ceiling_reference,27.0183863,0.39918768362647045,0.2781378504926302,0.6695682546776095,0.09206888671195568
spice_tl_timeseries,direct_4plus8_reference,tl_direct_4plus8_reference,tl_direct_4plus8_reference,ceiling_reference,27.3503863,0.3996087440875677,0.27807112389881883,0.6683255349193743,0.09075241744194296
spice_tl_timeseries,direct_4plus8_reference,tl_direct_4plus8_reference,tl_direct_4plus8_reference,ceiling_reference,27.682386299999997,0.40007046142981334,0.2780454988148974,0.6675251474538414,0.08923360394070068
spice_tl_timeseries,direct_4plus8_reference,tl_direct_4plus8_reference,tl_direct_4plus8_reference,ceiling_reference,28.0143863,0.4004357380631131,0.27809364576136636,0.667223828336188,0.08755233875093804
spice_tl_timeseries,direct_4plus8_reference,tl_direct_4plus8_reference,tl_direct_4plus8_reference,ceiling_reference,28.346386300000002,0.4008007029453109,0.2782479208787685,0.6674549863232725,0.08548146744027818
