row_type,case_id,name,valid_spice_netlists_generated,run_requested,ngspice_available,execution_statuses,rows_total,discovery_rows,control_rows,ran_successfully_count,candidate_count,near_miss_count,best_case,best_name,best_purity,best_lock,best_bridge_ratio,best_target_growth,best_generated_cv,best_max_phase_jump,best_stress_class,best_stress_score,best_behavioral_dependency,best_balanced_case,best_balanced_purity,best_balanced_growth,purity_above_0p60_count,purity_above_0p80_count,candidate_with_growth_above_1_count,controls_dead,max_control_leakage_score,extraction_summary_json,cascaded_or_distributed_best_purity,phase_delay_best_purity,no_phase_delay_best_purity,phase_delay_helped,hybrid_beats_pure_varactor_and_pure_magnetic,pure_varactor_control_purity,pure_magnetic_control_purity,recommended_next_step,family,role,netlist_file,csv_file,execution_status,convergence_failure_reason,ngspice_path,source_only_drive,direct_100mhz_drive_present,direct_150mhz_drive_present,target_frequency_injection_present,hidden_behavioral_target_source_present,cell_count,z0_target_ohm,total_length_m,cell_length_m,per_cell_inductance_h,per_cell_total_capacitance_f,source_frequency_hz,generated_frequency_hz,target_frequency_hz,source_amplitude_v,bias_v,nonlinear_fraction,varactor_cjo_f,varactor_rs_ohm,varactor_vj_v,varactor_m,stacked_varactor_pairs,extraction_topology,extraction_stage_count,extraction_q_label,output_load_ohm,notes,source_fft_peak_hz,generated_fft_peak_hz,target_fft_peak_hz,source_fft_power,generated_fft_power,target_fft_power,target_band_coherent_growth,target_coherent_power,phase_lock_target,phase_lock_generated,bridge_ratio_vs_direct_reference,spectral_purity_150mhz,generated_envelope_cv,target_envelope_cv,max_phase_jump,near_slip_count,control_leakage_score,estimated_line_impedance_ohm,phase_velocity_m_s,per_cell_fixed_capacitance_f,ladder_cutoff_hz,varactor_peak_voltage_v,varactor_peak_current_a,source_peak_current_a,reverse_bias_margin_v,dissipation_estimate_j,component_stress_score,component_stress_class,behavioral_dependency_score,bench_feasibility_score,promotion_category,hybrid_section_placement,distributed_extraction_spacing,distributed_extraction_strength,target_extraction_q,post_filter_strength,pre_notch_50,pre_notch_100,notch_q_scale,phase_delay_cells_between_blocks,phase_delay_cells_before_extraction,phase_delay_scale,varactor_block_fraction,magnetic_block_start_fraction,magnetic_block_end_fraction,overlap_fraction,target_extraction_after_magnetic_block,source_rejection_at_50mhz_db,generated_rejection_at_100mhz_db,target_rejection_outcoupling_150mhz,target_extraction_gain,phase_velocity_error_50,phase_velocity_error_100,phase_velocity_error_150,accumulated_phase_mismatch,group_delay_match_score,magnetic_strength,magnetic_peak_current_a,saturation_margin,hysteresis_loss_proxy,magnetic_core_loss_proxy
aggregate,aggregate,aggregate,True,True,True,failed_to_converge;ran_successfully,46,34,11,42,0,0,p033,p033_h025_single_high_q_96c_75ohm,0.45717823044379036,0.9792152322403703,2.1556387943449766,1.171056682388714,0.059787867045888024,0.17681821700438838,aggressive-but-testable,0.7889359369825263,0.195,p031,0.45159330693290706,1.1878872870111992,0,0,0,False,1.0,"{""cascaded"": {""best_case"": ""p032"", ""best_growth"": 1.1878872870111992, ""best_purity"": 0.4542312406272032}, ""distributed"": {""best_case"": ""p010"", ""best_growth"": 1.1421293459038835, ""best_purity"": 0.25894293102712895}, ""single_high_q"": {""best_case"": ""p033"", ""best_growth"": 1.3501375082709748, ""best_purity"": 0.45717823044379036}}",0.4542312406272032,0.33095825136695506,0.45717823044379036,False,False,0.5700010281358454,6.389391501108965e-08,another hybrid topology refinement plus acoustic bench demo,,,,,,,,,,,,,,,,,,,,,,,,,,,,,,,,,,,,,,,,,,,,,,,,,,,,,,,,,,,,,,,,,,,,,,,,,,,,,,,,,,,,,,,,,,,,,,,
spice_hybrid_purity_412_lockin,p001,p001_h024_single_high_q_96c_75ohm,,True,True,,,,,,,,,,,,,,,,,,,,,,,,,,,,,,,,,,,,hybrid_varactor_plus_magnetic_line,discovery,p001_h024_single_high_q_96c_75ohm.cir,p001_h024_single_high_q_96c_75ohm_tran.csv,ran_successfully,,wsl:ngspice,True,False,False,False,False,96,75.0,0.5,0.005208333333333333,7.689468503937008e-08,1.3670166229221346e-11,50000000.0,100000000.0,150000000.0,2.6,3.1,0.82,3.28456906482186e-11,0.3,0.62,0.6,1,single_high_q,1,medium,150.0,h024 reproduction with lock-in generator.,50891990.10596142,99360552.11163896,150252542.21760038,161155.1558695881,233440.69414564618,166943.0457138533,1.0558680901692765,0.2808434188199503,0.9120278670178545,0.9832945462658869,1.642138821709311,0.27821574283230344,0.05653162022074193,0.167153819918711,0.21385500057430296,0.0,0.0,75.0,5080000.0,2.460629921259843e-12,310466730.5882221,2.15061408723294,0.0002726288659927408,0.802444184024122,0.9493859127670601,1.0896969426782724e-08,0.8161723291206604,aggressive-but-testable,0.19,0.6051628598923517,reject_due_to_low_purity,varactor_first_then_magnetic,0,0.0,18.0,0.0,True,True,1.0,0,0,1.0,0.5,0.5,1.0,0.06,False,0.15324127976778867,-1.4560823342521596,0.2972956049591164,0.4230734958500148,0.016,0.0029999999999998916,-0.0050000000000000044,0.7421085008479794,0.9760000000000001,0.65,0.04458023244578455,2.2431466709289416,0.25,0.25
spice_hybrid_purity_412_lockin,p002,p002_h025_single_high_q_96c_75ohm,,True,True,,,,,,,,,,,,,,,,,,,,,,,,,,,,,,,,,,,,hybrid_varactor_plus_magnetic_line,discovery,p002_h025_single_high_q_96c_75ohm.cir,p002_h025_single_high_q_96c_75ohm_tran.csv,ran_successfully,,wsl:ngspice,True,False,False,False,False,96,75.0,0.5,0.005208333333333333,7.689468503937008e-08,1.3670166229221346e-11,50000000.0,100000000.0,150000000.0,2.7,3.4,0.82,3.441028472400188e-11,0.3,0.62,0.6,1,single_high_q,1,medium,150.0,h025 growth-preserving reproduction.,50884963.37785797,99346833.26153222,150231796.63939017,150042.94169145514,164583.61468465152,213269.98283480684,1.0968023925942931,0.3391552735241286,0.974710062817854,0.9986830536696777,1.983098067889808,0.3703490906602906,0.05222892371929467,0.11009870445874136,0.1606300703637461,0.0,0.0,75.0,5080000.0,2.460629921259843e-12,310466730.5882221,2.2809040271435386,0.00024124090668314554,0.8446437132090666,1.1190959728564613,3.426381551538451e-08,0.7892401478005324,aggressive-but-testable,0.19,0.6266672498184018,reject_due_to_low_purity,varactor_first_then_magnetic,0,0.0,18.0,0.0,True,True,1.0,0,0,1.0,0.5,0.5,1.0,0.06,False,1.527141637996749,1.125431376630157,0.403999585133855,0.6778511810676988,0.016,0.0029999999999998916,-0.0050000000000000044,0.7421085008479794,0.9760000000000001,0.55,0.04692465073383703,2.1310760642037283,0.25,0.25
spice_hybrid_purity_412_lockin,p003,p003_h024_single_high_q_96c_75ohm,,True,True,,,,,,,,,,,,,,,,,,,,,,,,,,,,,,,,,,,,hybrid_varactor_plus_magnetic_line,discovery,p003_h024_single_high_q_96c_75ohm.cir,p003_h024_single_high_q_96c_75ohm_tran.csv,ran_successfully,,wsl:ngspice,True,False,False,False,False,96,75.0,0.5,0.005208333333333333,7.689468503937008e-08,1.3670166229221346e-11,50000000.0,100000000.0,150000000.0,2.6,3.1,0.82,3.28456906482186e-11,0.3,0.62,0.6,1,single_high_q,1,high,180.0,Single high-Q 150 MHz extraction.,50896564.06585888,99369482.22381972,150266046.2896786,166661.21988660796,239197.05568707033,152636.354687222,0.952351976502991,0.24857468176466635,0.9096766634636322,0.9839755163089136,1.4534580754462714,0.2547172931352114,0.056083292821479884,0.1638830307582189,0.2141037348296304,0.0,0.0,75.0,5080000.0,2.460629921259843e-12,310466730.5882221,2.151259033229211,0.00027800462188983633,0.6414913274194605,0.9487409667707891,1.0449292689131661e-08,0.8164170904095678,aggressive-but-testable,0.195,0.5912538462326384,reject_due_to_low_purity,varactor_first_then_magnetic,0,0.0,28.0,0.5,True,True,1.0,0,0,1.0,0.5,0.5,1.0,0.06,False,-0.3817657082835673,-1.950978440355258,0.2732995921839356,0.3760828936442688,0.016,0.0029999999999998916,-0.0050000000000000044,0.7421085008479794,0.9760000000000001,0.65,0.035638407078858916,2.8059615509392697,0.25,0.25
spice_hybrid_purity_412_lockin,p004,p004_h024_single_high_q_96c_75ohm,,True,True,,,,,,,,,,,,,,,,,,,,,,,,,,,,,,,,,,,,hybrid_varactor_plus_magnetic_line,discovery,p004_h024_single_high_q_96c_75ohm.cir,p004_h024_single_high_q_96c_75ohm_tran.csv,ran_successfully,,wsl:ngspice,True,False,False,False,False,96,75.0,0.5,0.005208333333333333,7.689468503937008e-08,1.3670166229221346e-11,50000000.0,100000000.0,150000000.0,2.6,3.1,0.82,3.28456906482186e-11,0.3,0.62,0.6,1,single_high_q,1,very_high,220.0,Very high-Q single extraction.,50896401.70397768,99369165.23157547,150265566.93555316,163693.34393467085,235684.54642193852,162711.0065481066,0.9568375044558785,0.26934340935176515,0.9123220976096662,0.9839260290079715,1.574896327378908,0.27064412806839555,0.05581207476322263,0.17338935222904828,0.21646241351104112,0.0,0.0,75.0,5080000.0,2.460629921259843e-12,310466730.5882221,2.151505213425553,0.00027471037645973427,0.7307362544862295,0.9484947865744471,1.4376024505647392e-08,0.8165105174290525,aggressive-but-testable,0.195,0.5940789673319735,reject_due_to_low_purity,varactor_first_then_magnetic,0,0.0,38.0,0.8,True,True,1.0,0,0,1.0,0.5,0.5,1.0,0.06,False,-0.026140888978931038,-1.6091417556393264,0.28947557484966474,0.40741115238707876,0.016,0.0029999999999998916,-0.0050000000000000044,0.7421085008479794,0.9760000000000001,0.65,0.0405964585825683,2.463269050836345,0.25,0.25
spice_hybrid_purity_412_lockin,p005,p005_h024_cascaded_96c_75ohm,,True,True,,,,,,,,,,,,,,,,,,,,,,,,,,,,,,,,,,,,hybrid_varactor_plus_magnetic_line,discovery,p005_h024_cascaded_96c_75ohm.cir,p005_h024_cascaded_96c_75ohm_tran.csv,ran_successfully,,wsl:ngspice,True,False,False,False,False,96,75.0,0.5,0.005208333333333333,7.689468503937008e-08,1.3670166229221346e-11,50000000.0,100000000.0,150000000.0,2.6,3.1,0.82,3.28456906482186e-11,0.3,0.62,0.6,1,cascaded,2,high,170.0,Two-stage cascaded extraction.,50885031.79240422,99346966.83278918,150231998.62519342,178703.9889408121,252700.29241526034,136248.92408678553,0.9137610303507101,0.2083022958693206,0.9027741942935105,0.9836459248146007,1.217978644952642,0.2209236952145038,0.056502383306752925,0.17025857732990887,0.22651855629316353,0.0,0.0,75.0,5080000.0,2.460629921259843e-12,310466730.5882221,2.1511382910152865,0.00028528842394303527,0.45960241249385625,0.9488617089847136,3.1232862183190184e-09,0.8163712679374903,aggressive-but-testable,0.2,0.582331821592248,reject_due_to_low_purity,varactor_first_then_magnetic,0,0.0,24.0,0.4,True,True,1.0,0,0,1.0,0.5,0.5,1.0,0.06,False,-1.1780116523677813,-2.6827266298875645,0.24002141233482535,0.3158265459454919,0.016,0.0029999999999998916,-0.0050000000000000044,0.7421085008479794,0.9760000000000001,0.65,0.025533467360769793,3.916428528373013,0.25,0.25
spice_hybrid_purity_412_lockin,p006,p006_h025_cascaded_96c_75ohm,,True,True,,,,,,,,,,,,,,,,,,,,,,,,,,,,,,,,,,,,hybrid_varactor_plus_magnetic_line,discovery,p006_h025_cascaded_96c_75ohm.cir,p006_h025_cascaded_96c_75ohm_tran.csv,ran_successfully,,wsl:ngspice,True,False,False,False,False,96,75.0,0.5,0.005208333333333333,7.689468503937008e-08,1.3670166229221346e-11,50000000.0,100000000.0,150000000.0,2.7,3.4,0.82,3.441028472400188e-11,0.3,0.62,0.6,1,cascaded,2,high,160.0,Two-stage cascaded extraction around growth-preserving seed.,50897273.57136781,99370867.44886096,150268141.02022877,153085.90344326306,165078.6191524139,204796.42363980526,1.0912038913859108,0.31403436100998144,0.9628933482015628,0.9991729083194063,1.8362118568844823,0.3619480041331234,0.04850867772110413,0.10150160578810087,0.2142138544300255,0.0,0.0,75.0,5080000.0,2.460629921259843e-12,310466730.5882221,2.2828881335598923,0.00025045872968583173,0.45585586871073314,1.1171118664401076,7.118308822167302e-10,0.7899266898131116,aggressive-but-testable,0.2,0.6247556977834781,reject_due_to_low_purity,varactor_first_then_magnetic,0,0.0,22.0,0.3,True,True,1.0,0,0,1.0,0.5,0.5,1.0,0.06,False,1.2638716673537187,0.9363154084547175,0.39160940241145314,0.6436808917883666,0.016,0.0029999999999998916,-0.0050000000000000044,0.7421085008479794,0.9760000000000001,0.55,0.025325326039485174,3.9486164894417626,0.25,0.25
spice_hybrid_purity_412_lockin,p007,p007_h024_cascaded_96c_75ohm,,True,True,,,,,,,,,,,,,,,,,,,,,,,,,,,,,,,,,,,,hybrid_varactor_plus_magnetic_line,discovery,p007_h024_cascaded_96c_75ohm.cir,p007_h024_cascaded_96c_75ohm_tran.csv,ran_successfully,,wsl:ngspice,True,False,False,False,False,96,75.0,0.5,0.005208333333333333,7.689468503937008e-08,1.3670166229221346e-11,50000000.0,100000000.0,150000000.0,2.6,3.1,0.82,3.28456906482186e-11,0.3,0.62,0.6,1,cascaded,3,high,180.0,Three-stage cascaded extraction.,50892949.78959009,99362425.77967589,150255375.56926596,175547.8214991431,250073.66461766904,127312.15984524517,0.9736094811642855,0.19938832491502914,0.9042551340138852,0.9838263287159624,1.165857153834434,0.21209911008011992,0.056438794064164584,0.19003307524885132,0.22530806015554705,0.0,0.0,75.0,5080000.0,2.460629921259843e-12,310466730.5882221,2.150596837434311,0.00028701184085246957,0.3840094337686187,0.9494031625656891,6.743380101889424e-10,0.8161657827075185,aggressive-but-testable,0.2,0.5870203769341107,reject_due_to_low_purity,varactor_first_then_magnetic,0,0.0,20.0,0.6,True,True,1.0,0,0,1.0,0.5,0.5,1.0,0.06,False,-1.3952555836752942,-2.9319807237955287,0.2302485312206547,0.2991206130282254,0.016,0.0029999999999998916,-0.0050000000000000044,0.7421085008479794,0.9760000000000001,0.65,0.021333857431589928,4.687384844520703,0.25,0.25
spice_hybrid_purity_412_lockin,p008,p008_h025_cascaded_96c_75ohm,,True,True,,,,,,,,,,,,,,,,,,,,,,,,,,,,,,,,,,,,hybrid_varactor_plus_magnetic_line,discovery,p008_h025_cascaded_96c_75ohm.cir,p008_h025_cascaded_96c_75ohm_tran.csv,ran_successfully,,wsl:ngspice,True,False,False,False,False,96,75.0,0.5,0.005208333333333333,7.689468503937008e-08,1.3670166229221346e-11,50000000.0,100000000.0,150000000.0,2.7,3.4,0.82,3.441028472400188e-11,0.3,0.62,0.6,1,cascaded,3,medium,160.0,Three-stage cascaded extraction with h025 growth seed.,50889480.31936716,99355652.0520978,150245132.37146497,154567.96917513155,165165.0189368137,204377.31352400273,1.0473981489603732,0.309687451187947,0.9608783604667606,0.999254998866573,1.8107947422402233,0.35975318115765365,0.04831387257408484,0.1130803498119032,0.23253016873305798,0.0,0.0,75.0,5080000.0,2.460629921259843e-12,310466730.5882221,2.279019638163454,0.0002515676832390605,0.34395110898555453,1.120980361836546,1.1543869783034525e-09,0.7885881100911606,aggressive-but-testable,0.2,0.620224377390864,reject_due_to_low_purity,varactor_first_then_magnetic,0,0.0,18.0,0.4,True,True,1.0,0,0,1.0,0.5,0.5,1.0,0.06,False,1.2131318529741122,0.925146147011675,0.3899509566708826,0.6392124714151983,0.016,0.0029999999999998916,-0.0050000000000000044,0.7421085008479794,0.9760000000000001,0.55,0.01910839494364192,5.233301922790421,0.25,0.25
spice_hybrid_purity_412_lockin,p009,p009_h024_distributed_96c_75ohm,,True,True,,,,,,,,,,,,,,,,,,,,,,,,,,,,,,,,,,,,hybrid_varactor_plus_magnetic_line,discovery,p009_h024_distributed_96c_75ohm.cir,p009_h024_distributed_96c_75ohm_tran.csv,ran_successfully,,wsl:ngspice,True,False,False,False,False,96,75.0,0.5,0.005208333333333333,7.689468503937008e-08,1.3670166229221346e-11,50000000.0,100000000.0,150000000.0,2.6,3.1,0.82,3.28456906482186e-11,0.3,0.62,0.6,1,distributed,1,medium,180.0,Distributed extraction every 24 cells.,50885908.262951665,99348678.03719135,150234586.300143,235047.91208895925,285194.47589727724,189415.5742450657,0.8639967503190756,0.26743442206309137,0.9247193411578543,0.9811641860120346,1.563734156835433,0.2481801971186861,0.05959965305122078,0.16177283356551497,0.18519967412265181,0.0,0.0,75.0,5080000.0,2.460629921259843e-12,310466730.5882221,2.10689237639721,0.0002666952976407362,0.2052934322451562,0.99310762360279,1.3616836207495442e-08,0.7995796494866073,aggressive-but-testable,0.2,0.5836827513348295,reject_due_to_low_purity,varactor_first_then_magnetic,24,0.35,18.0,0.0,True,True,1.0,0,0,1.0,0.5,0.5,1.0,0.06,False,-0.9374071277349458,-1.7772542418502744,0.26691108157161575,0.3640910056911335,0.016,0.0029999999999998916,-0.0050000000000000044,0.7421085008479794,0.9760000000000001,0.65,0.011405190680286455,8.767937582389319,0.25,0.25
spice_hybrid_purity_412_lockin,p010,p010_h025_distributed_96c_75ohm,,True,True,,,,,,,,,,,,,,,,,,,,,,,,,,,,,,,,,,,,hybrid_varactor_plus_magnetic_line,discovery,p010_h025_distributed_96c_75ohm.cir,p010_h025_distributed_96c_75ohm_tran.csv,ran_successfully,,wsl:ngspice,True,False,False,False,False,96,75.0,0.5,0.005208333333333333,7.689468503937008e-08,1.3670166229221346e-11,50000000.0,100000000.0,150000000.0,2.7,3.4,0.82,3.441028472400188e-11,0.3,0.62,0.6,1,distributed,2,medium,160.0,Distributed extraction every 16 cells plus stage cleanup.,50889677.7414165,99356037.4951465,150245715.236563,169605.66410271282,218497.78489415668,161323.2471993419,1.1421293459038835,0.23576337180077883,0.9458998391425363,0.9955749012048009,1.378548186024442,0.25894293102712895,0.05969510906693053,0.16261782566617367,0.1642152073219632,0.0,0.0,75.0,5080000.0,2.460629921259843e-12,310466730.5882221,2.232510821473081,0.000275342117287444,0.16509015065106164,1.1674891785269188,1.7945877600967006e-09,0.7724950939353222,aggressive-but-testable,0.2,0.6167216950530815,reject_due_to_low_purity,varactor_first_then_magnetic,16,0.28,16.0,0.0,True,True,1.0,0,0,1.0,0.5,0.5,1.0,0.06,False,-0.21743396606591398,-1.3175008336861593,0.29362105685110373,0.41567073834647406,0.016,0.0029999999999998916,-0.0050000000000000044,0.7421085008479794,0.9760000000000001,0.55,0.009171675036170092,10.90313379024362,0.25,0.25
spice_hybrid_purity_412_lockin,p011,p011_h024_cascaded_96c_75ohm,,True,True,,,,,,,,,,,,,,,,,,,,,,,,,,,,,,,,,,,,hybrid_varactor_plus_magnetic_line,discovery,p011_h024_cascaded_96c_75ohm.cir,p011_h024_cascaded_96c_75ohm_tran.csv,ran_successfully,,wsl:ngspice,True,False,False,False,False,96,75.0,0.5,0.005208333333333333,7.689468503937008e-08,1.3670166229221346e-11,50000000.0,100000000.0,150000000.0,2.6,3.1,0.82,3.28456906482186e-11,0.3,0.62,0.6,1,cascaded,2,medium,150.0,50 MHz notch before extraction.,50891457.001612075,99359511.28886166,150250968.29047376,140084.1793434159,30301.034721635635,127255.97435216852,0.9452997394653196,0.23803924155026862,0.9255515139110535,0.9578700223284352,1.3918555801748709,0.40313693195156886,0.07526028473531671,0.0917097736664092,0.13771471111359168,0.0,0.0,75.0,5080000.0,2.460629921259843e-12,310466730.5882221,2.15096490670223,0.00029549080899202065,0.6835974336333595,0.9490350932977702,1.1973667142841034e-08,0.8163054674391764,aggressive-but-testable,0.2,0.6128264514140438,reject_due_to_low_purity,varactor_first_then_magnetic,0,0.0,18.0,0.0,True,False,1.0,0,0,1.0,0.5,0.5,1.0,0.06,False,-0.4171090969799477,6.232207214647483,0.42754826719004635,0.7468721687527613,0.016,0.0029999999999998916,-0.0050000000000000044,0.7421085008479794,0.9760000000000001,0.65,0.0379776352018533,2.633128668188377,0.25,0.25
spice_hybrid_purity_412_lockin,p012,p012_h024_cascaded_96c_75ohm,,True,True,,,,,,,,,,,,,,,,,,,,,,,,,,,,,,,,,,,,hybrid_varactor_plus_magnetic_line,discovery,p012_h024_cascaded_96c_75ohm.cir,p012_h024_cascaded_96c_75ohm_tran.csv,ran_successfully,,wsl:ngspice,True,False,False,False,False,96,75.0,0.5,0.005208333333333333,7.689468503937008e-08,1.3670166229221346e-11,50000000.0,100000000.0,150000000.0,2.6,3.1,0.82,3.28456906482186e-11,0.3,0.62,0.6,1,cascaded,2,medium,150.0,100 MHz notch before extraction.,50891763.104145855,99360108.9176181,150251872.02176395,568127.5790553913,181364.8879719617,155520.23937386228,1.0915611858737082,0.2784081195521984,0.9875805030856525,0.9801281054518615,1.6278992162848396,0.15107348707330062,0.0582877804883751,0.13905907313099483,0.26941181401658265,0.0,0.0,75.0,5080000.0,2.460629921259843e-12,310466730.5882221,2.150857675750221,0.00020154681858710932,0.6227316743910751,0.9491423242497792,2.6782623925966953e-08,0.816264772580729,aggressive-but-testable,0.2,0.5896485053042686,reject_due_to_low_purity,varactor_first_then_magnetic,0,0.0,18.0,0.0,False,True,1.0,0,0,1.0,0.5,0.5,1.0,0.06,False,-5.626589560403742,-0.6676629592250404,0.1718431556527961,0.20750073711973216,0.016,0.0029999999999998916,-0.0050000000000000044,0.7421085008479794,0.9760000000000001,0.65,0.03459620413283751,2.890490517862435,0.25,0.25
spice_hybrid_purity_412_lockin,p013,p013_h024_cascaded_96c_75ohm,,True,True,,,,,,,,,,,,,,,,,,,,,,,,,,,,,,,,,,,,hybrid_varactor_plus_magnetic_line,discovery,p013_h024_cascaded_96c_75ohm.cir,p013_h024_cascaded_96c_75ohm_tran.csv,ran_successfully,,wsl:ngspice,True,False,False,False,False,96,75.0,0.5,0.005208333333333333,7.689468503937008e-08,1.3670166229221346e-11,50000000.0,100000000.0,150000000.0,2.6,3.1,0.82,3.28456906482186e-11,0.3,0.62,0.6,1,cascaded,2,medium,150.0,Combined stronger 50/100 MHz rejection.,50882794.89106621,99342599.5492245,150225394.4402907,142192.4574863878,246100.7812515586,125009.21095015915,0.9053767601592876,0.22219982225598353,0.8304715410514233,0.9613470131635132,1.299239824940982,0.22899892430258936,0.06327692088847006,0.14579034229373045,0.2796959836294972,0.0,0.0,75.0,5080000.0,2.460629921259843e-12,310466730.5882221,2.1508036347816772,0.00028920237118449223,0.5493214748528866,0.9491963652183228,8.581347166572191e-09,0.8162442636742608,aggressive-but-testable,0.2,0.5827216128380824,reject_due_to_low_purity,varactor_first_then_magnetic,0,0.0,18.0,0.0,True,True,1.8,0,0,1.0,0.5,0.5,1.0,0.06,False,-0.5593454616678473,-2.941709784333393,0.24353908894476864,0.3219453713808447,0.016,0.0029999999999998916,-0.0050000000000000044,0.7421085008479794,0.9760000000000001,0.65,0.03051785971404926,3.276769764885046,0.25,0.25
spice_hybrid_purity_412_lockin,p014,p014_h024_single_high_q_96c_75ohm,,True,True,,,,,,,,,,,,,,,,,,,,,,,,,,,,,,,,,,,,hybrid_varactor_plus_magnetic_line,discovery,p014_h024_single_high_q_96c_75ohm.cir,p014_h024_single_high_q_96c_75ohm_tran.csv,ran_successfully,,wsl:ngspice,True,False,False,False,False,96,75.0,0.5,0.005208333333333333,7.689468503937008e-08,1.3670166229221346e-11,50000000.0,100000000.0,150000000.0,2.6,3.1,0.82,3.28456906482186e-11,0.3,0.62,0.6,1,single_high_q,1,medium,150.0,Phase delay between varactor and magnetic regions.,50891493.5738305,99359582.69176431,150251076.2655948,190823.67339381843,256893.73559267627,155551.1578666021,0.9475530737082739,0.2781794587427423,0.9085993233374497,0.9821108926183212,1.6265621979783786,0.2411249110214859,0.05925715221550906,0.1631760120613586,0.2324377611396542,0.0,0.0,75.0,5080000.0,2.460629921259843e-12,310466730.5882221,2.2271858103846944,0.0002731852662751951,0.8031622830443907,0.8728141896153057,1.4383687242012389e-08,0.8198748523996788,aggressive-but-testable,0.19,0.5848931364777026,reject_due_to_low_purity,varactor_first_then_magnetic,0,0.0,20.0,0.0,True,True,1.0,3,0,1.08,0.5,0.5,1.0,0.06,False,-0.8875900366096114,-2.1788026584602376,0.2578472780009449,0.3474315600519663,0.016,0.0029999999999998916,-0.0050000000000000044,0.7781085008479794,0.9760000000000001,0.65,0.04462012683579949,2.2411410968865355,0.25,0.25
spice_hybrid_purity_412_lockin,p015,p015_h025_single_high_q_96c_75ohm,,True,True,,,,,,,,,,,,,,,,,,,,,,,,,,,,,,,,,,,,hybrid_varactor_plus_magnetic_line,discovery,p015_h025_single_high_q_96c_75ohm.cir,p015_h025_single_high_q_96c_75ohm_tran.csv,ran_successfully,,wsl:ngspice,True,False,False,False,False,96,75.0,0.5,0.005208333333333333,7.689468503937008e-08,1.3670166229221346e-11,50000000.0,100000000.0,150000000.0,2.7,3.4,0.82,3.441028472400188e-11,0.3,0.62,0.6,1,single_high_q,1,medium,150.0,Phase delay between blocks on h025 seed.,50896414.342635095,99369189.90704946,150265604.24968457,181331.76411148516,197394.17441757396,209634.4703585398,1.063936101147447,0.3708513595379973,0.963473352748595,0.9957152926314546,2.1684304269613244,0.33095825136695506,0.052284948567892106,0.10207492518881424,0.23138441223514994,0.0,0.0,75.0,5080000.0,2.460629921259843e-12,310466730.5882221,2.355394642983562,0.0002578861912134464,0.8399636370053606,1.044605357016438,3.0375993019330034e-08,0.7905649839771817,aggressive-but-testable,0.19,0.614035288166567,reject_due_to_low_purity,varactor_first_then_magnetic,0,0.0,18.0,0.0,True,True,1.0,4,0,1.1,0.5,0.5,1.0,0.06,False,0.6298880889592682,0.26128364126143827,0.3563028157433153,0.553525515502696,0.016,0.0029999999999998916,-0.0050000000000000044,0.7901085008479795,0.9760000000000001,0.55,0.04666464650029781,2.1429499096143765,0.25,0.25
spice_hybrid_purity_412_lockin,p016,p016_h024_cascaded_96c_75ohm,,True,True,,,,,,,,,,,,,,,,,,,,,,,,,,,,,,,,,,,,hybrid_varactor_plus_magnetic_line,discovery,p016_h024_cascaded_96c_75ohm.cir,p016_h024_cascaded_96c_75ohm_tran.csv,ran_successfully,,wsl:ngspice,True,False,False,False,False,96,75.0,0.5,0.005208333333333333,7.689468503937008e-08,1.3670166229221346e-11,50000000.0,100000000.0,150000000.0,2.6,3.1,0.82,3.28456906482186e-11,0.3,0.62,0.6,1,cascaded,2,medium,170.0,Delay section before target extraction.,50884037.222615436,99345025.05367775,150229062.2762932,663840.4943742147,37508.140592568896,146624.58013442295,1.0453776322332227,0.24510967567034955,0.9961871107043406,0.9855891168241183,1.433197600592186,0.14763600651275696,0.13699749754109417,0.1142526342757585,0.21011132832982127,0.0,0.0,75.0,5080000.0,2.460629921259843e-12,310466730.5882221,2.2262072175109564,0.00026857532016703845,0.6315661772675385,0.8737927824890437,4.439921908890285e-09,0.8195146113797449,aggressive-but-testable,0.2,0.5807017743198585,reject_due_to_low_purity,varactor_first_then_magnetic,0,0.0,20.0,0.0,True,True,1.0,0,3,1.12,0.5,0.5,1.0,0.06,False,-6.558569594070257,5.9208124629070475,0.1729118060844919,0.20906090469737237,0.016,0.0029999999999998916,-0.0050000000000000044,0.7781085008479794,0.9760000000000001,0.65,0.035087009848196585,2.8500576262453965,0.25,0.25
spice_hybrid_purity_412_lockin,p017,p017_h025_cascaded_96c_75ohm,,True,True,,,,,,,,,,,,,,,,,,,,,,,,,,,,,,,,,,,,hybrid_varactor_plus_magnetic_line,discovery,p017_h025_cascaded_96c_75ohm.cir,p017_h025_cascaded_96c_75ohm_tran.csv,ran_successfully,,wsl:ngspice,True,False,False,False,False,96,75.0,0.5,0.005208333333333333,7.689468503937008e-08,1.3670166229221346e-11,50000000.0,100000000.0,150000000.0,2.7,3.4,0.82,3.441028472400188e-11,0.3,0.62,0.6,1,cascaded,2,medium,160.0,Delay before extraction on growth seed.,50892668.6217009,99361876.83284461,150254545.45454553,823758.3688956754,31725.264817196923,164767.06117748274,0.949260526647485,0.2839559451320578,0.9953816605719196,0.9967564514699148,1.6603382878466328,0.13723725737219258,0.18195209395644915,0.14926229780730574,0.2600917745458134,0.0,0.0,75.0,5080000.0,2.460629921259843e-12,310466730.5882221,2.4008871750009466,0.00028091895020484234,0.6258567527657969,0.9991128249990533,6.889129179412018e-09,0.8058341037200409,aggressive-but-testable,0.2,0.5714107335427367,reject_due_to_low_purity,varactor_first_then_magnetic,0,0.0,18.0,0.0,True,True,1.0,0,4,1.1,0.5,0.5,1.0,0.06,False,-6.98929444200954,7.1546513967178775,0.16149664195542648,0.19260106761175497,0.016,0.0029999999999998916,-0.0050000000000000044,0.7901085008479795,0.9760000000000001,0.55,0.03476981959809983,2.8760574876685587,0.25,0.25
spice_hybrid_purity_412_lockin,p018,p018_h024_single_high_q_96c_75ohm,,True,True,,,,,,,,,,,,,,,,,,,,,,,,,,,,,,,,,,,,hybrid_varactor_plus_magnetic_line,discovery,p018_h024_single_high_q_96c_75ohm.cir,p018_h024_single_high_q_96c_75ohm_tran.csv,ran_successfully,,wsl:ngspice,True,False,False,False,False,96,75.0,0.5,0.005208333333333333,7.689468503937008e-08,1.3670166229221346e-11,50000000.0,100000000.0,150000000.0,2.6,3.1,0.82,3.28456906482186e-11,0.3,0.62,0.6,1,single_high_q,1,medium,150.0,Varactor block in first 20 percent.,50888348.93919158,99353443.16699308,150241792.10618466,179116.54109002277,15873.40344007877,38255.487697138386,1.3501375082709748,0.06376448908363479,0.9455539857353822,0.9764078924675557,0.37284171874373273,0.1401074145754739,0.1567833816360425,0.17807985797238268,0.5293067303622412,0.0,0.0,75.0,5080000.0,2.460629921259843e-12,310466730.5882221,1.973548491251424,0.00023994821973306229,0.49241932147566864,1.126451508748576,6.529606487986201e-08,0.7489747594882066,plausible,0.19,0.622833228414991,reject_due_to_low_purity,varactor_first_then_magnetic,0,0.0,20.0,0.0,True,True,1.0,0,0,1.0,0.2,0.24,0.82,0.04,False,-6.704419511093374,3.8202368843914254,0.16401387727871078,0.1961921051330557,0.016,0.0029999999999998916,-0.0050000000000000044,0.7421085008479794,0.9760000000000001,0.65,0.02735662897087048,3.655421145144772,0.25,0.25
spice_hybrid_purity_412_lockin,p019,p019_h024_single_high_q_96c_75ohm,,True,True,,,,,,,,,,,,,,,,,,,,,,,,,,,,,,,,,,,,hybrid_varactor_plus_magnetic_line,discovery,p019_h024_single_high_q_96c_75ohm.cir,p019_h024_single_high_q_96c_75ohm_tran.csv,ran_successfully,,wsl:ngspice,True,False,False,False,False,96,75.0,0.5,0.005208333333333333,7.689468503937008e-08,1.3670166229221346e-11,50000000.0,100000000.0,150000000.0,2.6,3.1,0.82,3.28456906482186e-11,0.3,0.62,0.6,1,single_high_q,1,medium,150.0,Varactor block in first 25 percent.,50888061.04669098,99352881.09115857,150240942.13784957,172086.48390576505,19984.363109276044,50268.86804792121,0.9716314394276032,0.0935236407176398,0.9776681401805297,0.9443152501296902,0.5468484959175414,0.17021757086534758,0.14760016534740839,0.13508875644073115,0.30016772213661536,0.0,0.0,75.0,5080000.0,2.460629921259843e-12,310466730.5882221,1.917992636825175,0.00021115289325747074,0.5561803010149436,1.1820073631748251,5.987874810775202e-08,0.7278909437666699,plausible,0.19,0.5923103204036732,reject_due_to_low_purity,varactor_first_then_magnetic,0,0.0,20.0,0.0,True,True,1.0,0,0,1.0,0.25,0.3,0.84,0.06,False,-5.34447655199139,4.006087938258168,0.20743140691925321,0.2617204475803902,0.016,0.0029999999999998916,-0.0050000000000000044,0.7421085008479794,0.9760000000000001,0.65,0.030898905611941314,3.2363605771640533,0.25,0.25
spice_hybrid_purity_412_lockin,p020,p020_h024_single_high_q_96c_75ohm,,True,True,,,,,,,,,,,,,,,,,,,,,,,,,,,,,,,,,,,,hybrid_varactor_plus_magnetic_line,discovery,p020_h024_single_high_q_96c_75ohm.cir,p020_h024_single_high_q_96c_75ohm_tran.csv,ran_successfully,,wsl:ngspice,True,False,False,False,False,96,75.0,0.5,0.005208333333333333,7.689468503937008e-08,1.3670166229221346e-11,50000000.0,100000000.0,150000000.0,2.6,3.1,0.82,3.28456906482186e-11,0.3,0.62,0.6,1,single_high_q,1,medium,150.0,Varactor block in first 40 percent.,50888863.2029123,99354447.20568593,150243310.4085982,149132.2639799856,21151.158560686963,159632.43335079745,0.9271880916500672,0.26028941764534647,0.9403706214534779,0.9317074557936015,1.5219561113146813,0.41576473877279324,0.19383938034621118,0.07020251352274172,0.18850363674456205,0.0,0.0,75.0,5080000.0,2.460629921259843e-12,310466730.5882221,2.221228331295002,0.00028525261050984244,0.7523443922447093,0.878771668704998,1.314985672874857e-08,0.8429709037172685,aggressive-but-testable,0.19,0.6093540661519565,reject_due_to_low_purity,varactor_first_then_magnetic,0,0.0,20.0,0.0,True,True,1.0,0,0,1.0,0.4,0.45,0.88,0.08,False,0.2954952290368506,8.777869728803427,0.4838580216748071,0.9374514028966553,0.016,0.0029999999999998916,-0.0050000000000000044,0.7421085008479794,0.9760000000000001,0.65,0.041796910680261624,2.392521322089589,0.25,0.25
spice_hybrid_purity_412_lockin,p021,p021_h024_cascaded_96c_75ohm,,True,True,,,,,,,,,,,,,,,,,,,,,,,,,,,,,,,,,,,,hybrid_varactor_plus_magnetic_line,discovery,p021_h024_cascaded_96c_75ohm.cir,,failed_to_converge,returncode=1; log=p021_h024_cascaded_96c_75ohm.log,wsl:ngspice,True,False,False,False,False,96,75.0,0.5,0.005208333333333333,7.689468503937008e-08,1.3670166229221346e-11,50000000.0,100000000.0,150000000.0,2.6,3.1,0.82,4.9268535972327903e-11,0.3,0.62,0.6,1,cascaded,2,medium,165.0,Long overlap with alternating overlap only.,,,,,,,,,,,,,,,,,,,,,,,,,,,,,,,reject_due_to_convergence,,,,,,,,,,,,,,,,,,,,,,,,,,,,,,
spice_hybrid_purity_412_lockin,p022,p022_h024_single_high_q_96c_75ohm,,True,True,,,,,,,,,,,,,,,,,,,,,,,,,,,,,,,,,,,,hybrid_varactor_plus_magnetic_line,discovery,p022_h024_single_high_q_96c_75ohm.cir,p022_h024_single_high_q_96c_75ohm_tran.csv,ran_successfully,,wsl:ngspice,True,False,False,False,False,96,75.0,0.5,0.005208333333333333,7.659313725490196e-08,1.3616557734204793e-11,50000000.0,100000000.0,150000000.0,2.6,3.1,0.82,3.271688401822559e-11,0.3,0.62,0.6,1,single_high_q,1,medium,150.0,Independent phase velocity trim.,50887977.317969516,99352717.62079763,150240694.93876714,137179.89300544147,181951.841882042,180299.94286789454,1.004678394544955,0.2953179009195401,0.9304546943714382,0.989799938091127,1.7267735590292954,0.3379812696522145,0.05386178481850627,0.1514648249365403,0.2261453420645887,0.0,0.0,75.0,5100000.0,2.4509803921568632e-12,311689040.55116785,2.149733027429793,0.00026850705723069997,0.7989919866530467,0.9502669725702071,3.881213445340501e-09,0.8158379610739253,aggressive-but-testable,0.19,0.6090533017591376,reject_due_to_low_purity,varactor_first_then_magnetic,0,0.0,20.0,0.0,True,True,1.0,0,0,1.0,0.5,0.5,1.0,0.06,False,1.1870512931528368,-0.03960867161857403,0.36101022601975513,0.5649702713879678,0.02,0.0040000000000000036,-0.008000000000000007,0.9855976952438572,0.968,0.65,0.04438844370294704,2.252838614239607,0.25,0.25
spice_hybrid_purity_412_lockin,p023,p023_h025_single_high_q_96c_75ohm,,True,True,,,,,,,,,,,,,,,,,,,,,,,,,,,,,,,,,,,,hybrid_varactor_plus_magnetic_line,discovery,p023_h025_single_high_q_96c_75ohm.cir,p023_h025_single_high_q_96c_75ohm_tran.csv,ran_successfully,,wsl:ngspice,True,False,False,False,False,96,75.0,0.5,0.005208333333333333,7.659313725490196e-08,1.3616557734204793e-11,50000000.0,100000000.0,150000000.0,2.7,3.4,0.82,3.427534243096658e-11,0.3,0.62,0.6,1,single_high_q,1,medium,150.0,Growth seed phase velocity trim.,50892508.14332727,99361563.51792468,150254071.66125196,126843.35750103366,109023.54143550014,199073.18599516942,1.1139135194916572,0.3386763185552724,0.9885163006514344,0.9998570632385542,1.9802975374322525,0.417909269022445,0.060043362602950894,0.11790751906418363,0.08202039798105643,0.0,0.0,75.0,5100000.0,2.4509803921568632e-12,311689040.55116785,2.2797560043301646,0.0002156937809538415,0.836016981248224,1.1202439956698353,4.059607027888689e-08,0.7888429080727214,aggressive-but-testable,0.19,0.6355653545595029,reject_due_to_low_purity,varactor_first_then_magnetic,0,0.0,18.0,0.0,True,True,1.0,0,0,1.0,0.5,0.5,1.0,0.06,False,1.9574503787987128,2.6149248181272693,0.45770255005681765,0.844006458272618,0.02,0.0040000000000000036,-0.007000000000000006,0.9547977672674866,0.969,0.55,0.046445387847123557,2.153066313691967,0.25,0.25
spice_hybrid_purity_412_lockin,p024,p024_h024_cascaded_80c_75ohm,,True,True,,,,,,,,,,,,,,,,,,,,,,,,,,,,,,,,,,,,hybrid_varactor_plus_magnetic_line,discovery,p024_h024_cascaded_80c_75ohm.cir,p024_h024_cascaded_80c_75ohm_tran.csv,ran_successfully,,wsl:ngspice,True,False,False,False,False,80,75.0,0.44,0.0055,8.12007874015748e-08,1.4435695538057742e-11,50000000.0,100000000.0,150000000.0,2.6,3.1,0.82,3.468504932451884e-11,0.3,0.62,0.6,1,cascaded,2,medium,145.0,80-cell line length trim.,50882658.35930082,99342332.98720637,150224991.3465072,891834.4229061856,18505.581027635606,91478.876097089,1.002138217562068,0.18302750530224884,0.9991308561576424,0.9888461752767518,1.0701926830271122,0.0772931732863462,0.08233816679958754,0.18482178189659582,0.35899454926606134,0.0,0.0,75.0,5080000.0,2.598425196850395e-12,294002585.7843013,2.4001192218388536,0.00026830928470150016,0.501098394182725,0.6998807781611465,1.1527629858632524e-08,0.9108611847585782,aggressive-but-testable,0.2,0.557026306448015,reject_due_to_low_purity,varactor_first_then_magnetic,0,0.0,18.0,0.0,True,True,1.0,0,0,1.0,0.5,0.5,1.0,0.06,False,-9.889634109209984,6.94018094881994,0.0913127890884493,0.10048869180941676,0.016,0.0029999999999998916,-0.0050000000000000044,0.6530554807462219,0.9760000000000001,0.65,0.027838799676818054,3.592108896967712,0.25,0.25
spice_hybrid_purity_412_lockin,p025,p025_h024_cascaded_112c_75ohm,,True,True,,,,,,,,,,,,,,,,,,,,,,,,,,,,,,,,,,,,hybrid_varactor_plus_magnetic_line,discovery,p025_h024_cascaded_112c_75ohm.cir,p025_h024_cascaded_112c_75ohm_tran.csv,ran_successfully,,wsl:ngspice,True,False,False,False,False,112,75.0,0.58,0.005178571428571428,7.64552868391451e-08,1.3592050993625796e-11,50000000.0,100000000.0,150000000.0,2.6,3.1,0.82,3.265800098737164e-11,0.3,0.62,0.6,1,cascaded,2,medium,170.0,112-cell line length trim.,50886125.78327381,99349102.71972504,150235228.50299886,168022.02993038416,22985.247418523264,153396.26526445238,0.8941153777074594,0.33020207503495325,0.8932624857295809,0.9923397857471693,1.9307472067611384,0.38210359816606915,0.40847092407226815,0.1159371789774918,0.12563005321813625,0.0,0.0,75.0,5080000.0,2.4465691788526435e-12,312251022.1433269,2.483138183170278,0.00021364107512196736,0.570978749782924,0.6168618168297222,1.7564430601011572e-08,0.9423674319431795,aggressive-but-testable,0.2,0.5877447532365657,reject_due_to_low_purity,varactor_first_then_magnetic,0,0.0,18.0,0.0,True,True,1.0,0,0,1.0,0.5,0.5,1.0,0.06,False,-0.39551441278021826,8.243656030255242,0.44539688558506124,0.8030912088456603,0.016,0.0029999999999998916,-0.0050000000000000044,0.8608458609836561,0.9760000000000001,0.65,0.03172104165460689,3.152481595303377,0.25,0.25
spice_hybrid_purity_412_lockin,p026,p026_h025_cascaded_128c_75ohm,,True,True,,,,,,,,,,,,,,,,,,,,,,,,,,,,,,,,,,,,hybrid_varactor_plus_magnetic_line,discovery,p026_h025_cascaded_128c_75ohm.cir,,failed_to_converge,returncode=1; log=p026_h025_cascaded_128c_75ohm.log,wsl:ngspice,True,False,False,False,False,128,75.0,0.7,0.00546875,8.073941929133859e-08,1.4353674540682414e-11,50000000.0,100000000.0,150000000.0,2.25,3.4,0.82,4.877657859627267e-11,0.3,0.62,0.6,2,cascaded,2,medium,190.0,128-cell stacked stress-reduction row.,,,,,,,,,,,,,,,,,,,,,,,,,,,,,,,reject_due_to_convergence,,,,,,,,,,,,,,,,,,,,,,,,,,,,,,
spice_hybrid_purity_412_lockin,p027,p027_h024_single_high_q_96c_75ohm,,True,True,,,,,,,,,,,,,,,,,,,,,,,,,,,,,,,,,,,,hybrid_varactor_plus_magnetic_line,discovery,p027_h024_single_high_q_96c_75ohm.cir,p027_h024_single_high_q_96c_75ohm_tran.csv,ran_successfully,,wsl:ngspice,True,False,False,False,False,96,75.0,0.5,0.005208333333333333,7.689468503937008e-08,1.3670166229221346e-11,50000000.0,100000000.0,150000000.0,2.6,3.1,0.82,3.28456906482186e-11,0.3,0.62,0.6,1,single_high_q,1,medium,150.0,Mild magnetic saturation.,50883585.352515094,99344142.8311009,150227728.18361598,163255.5650772757,235017.90860543784,169737.64892642054,0.9878894245125149,0.28129467496949057,0.9098412675289609,0.9830316584660431,1.6447773925001408,0.2786701406406244,0.056824545765350946,0.13962521862412136,0.19118777639051032,0.0,0.0,75.0,5080000.0,2.460629921259843e-12,310466730.5882221,2.1520669556911276,0.00027281122536256235,0.8116060825947543,0.9479330443088725,1.0749977297740164e-08,0.8167237023495741,aggressive-but-testable,0.19,0.5983596365674019,reject_due_to_low_purity,varactor_first_then_magnetic,0,0.0,20.0,0.0,True,True,1.0,0,0,1.0,0.5,0.5,1.0,0.06,False,0.16910187886591815,-1.4132277484346778,0.2988280372869076,0.42618366560270304,0.016,0.0029999999999998916,-0.0050000000000000044,0.7421085008479794,0.9760000000000001,0.48,0.036891185572488834,2.1685396866090163,0.18,0.18
spice_hybrid_purity_412_lockin,p028,p028_h024_single_high_q_96c_75ohm,,True,True,,,,,,,,,,,,,,,,,,,,,,,,,,,,,,,,,,,,hybrid_varactor_plus_magnetic_line,discovery,p028_h024_single_high_q_96c_75ohm.cir,p028_h024_single_high_q_96c_75ohm_tran.csv,ran_successfully,,wsl:ngspice,True,False,False,False,False,96,75.0,0.5,0.005208333333333333,7.689468503937008e-08,1.3670166229221346e-11,50000000.0,100000000.0,150000000.0,2.6,3.1,0.82,3.28456906482186e-11,0.3,0.62,0.6,1,single_high_q,1,medium,150.0,Medium magnetic saturation.,50896299.68022331,99368966.04234074,150265265.72256404,161763.59503730142,234451.18326687635,166799.76453142086,0.9807349704197726,0.27959779603822704,0.9117595230344646,0.9834763765197487,1.634855455285173,0.2776604613088408,0.05632595369709103,0.15844675062040425,0.2143384757107385,0.0,0.0,75.0,5080000.0,2.460629921259843e-12,310466730.5882221,2.14901412433074,0.00027266215965456616,0.8050149509544743,0.95098587566926,1.0829050649966965e-08,0.815565132573336,aggressive-but-testable,0.19,0.5976472152285253,reject_due_to_low_purity,varactor_first_then_magnetic,0,0.0,20.0,0.0,True,True,1.0,0,0,1.0,0.5,0.5,1.0,0.06,False,0.1331464309228643,-1.4785699573384714,0.2962619112666983,0.4209831981667456,0.016,0.0029999999999998916,-0.0050000000000000044,0.7421085008479794,0.9760000000000001,0.78,0.03659158867974883,3.8260158974043486,0.3,0.3
spice_hybrid_purity_412_lockin,p029,p029_h025_cascaded_96c_75ohm,,True,True,,,,,,,,,,,,,,,,,,,,,,,,,,,,,,,,,,,,hybrid_varactor_plus_magnetic_line,discovery,p029_h025_cascaded_96c_75ohm.cir,,failed_to_converge,returncode=1; log=p029_h025_cascaded_96c_75ohm.log,wsl:ngspice,True,False,False,False,False,96,75.0,0.5,0.005208333333333333,7.689468503937008e-08,1.3670166229221346e-11,50000000.0,100000000.0,150000000.0,2.35,3.4,0.82,4.645388437740254e-11,0.3,0.62,0.6,1,cascaded,2,medium,150.0,Harder magnetic saturation with lower drive.,,,,,,,,,,,,,,,,,,,,,,,,,,,,,,,reject_due_to_convergence,,,,,,,,,,,,,,,,,,,,,,,,,,,,,,
spice_hybrid_purity_412_lockin,p030,p030_h024_cascaded_96c_75ohm,,True,True,,,,,,,,,,,,,,,,,,,,,,,,,,,,,,,,,,,,hybrid_varactor_plus_magnetic_line,discovery,p030_h024_cascaded_96c_75ohm.cir,,failed_to_converge,returncode=1; log=p030_h024_cascaded_96c_75ohm.log,wsl:ngspice,True,False,False,False,False,96,75.0,0.5,0.005208333333333333,7.689468503937008e-08,1.3670166229221346e-11,50000000.0,100000000.0,150000000.0,2.75,3.8,0.82,4.9174478673053455e-11,0.3,0.62,0.6,2,cascaded,2,medium,160.0,Stacked varactor stress reduction with drive compensation.,,,,,,,,,,,,,,,,,,,,,,,,,,,,,,,reject_due_to_convergence,,,,,,,,,,,,,,,,,,,,,,,,,,,,,,
spice_hybrid_purity_412_lockin,p031,p031_h025_cascaded_96c_75ohm,,True,True,,,,,,,,,,,,,,,,,,,,,,,,,,,,,,,,,,,,hybrid_varactor_plus_magnetic_line,discovery,p031_h025_cascaded_96c_75ohm.cir,p031_h025_cascaded_96c_75ohm_tran.csv,ran_successfully,,wsl:ngspice,True,False,False,False,False,96,75.0,0.5,0.005208333333333333,7.659313725490196e-08,1.3616557734204793e-11,50000000.0,100000000.0,150000000.0,2.7,3.4,0.82,3.427534243096658e-11,0.3,0.62,0.6,1,cascaded,4,very_high,220.0,Aggressive four-stage purity filter from probe.,50889552.57208502,99355793.1169279,150245345.68901294,141036.3968471154,113759.32823262959,243148.34213974848,1.1878872870111992,0.36199721355987485,0.9782182302943276,0.9995772653839754,2.1166587425656234,0.45159330693290706,0.06161269489813449,0.11142963126365658,0.1445640445257086,0.0,0.0,75.0,5100000.0,2.4509803921568632e-12,311689040.55116785,2.2803554380207665,0.0002244919679799928,0.4638715628621986,1.1196445619792335,1.5577346450248188e-09,0.7890503245746597,aggressive-but-testable,0.2,0.6479876814644346,reject_due_to_low_purity,varactor_first_then_magnetic,0,0.0,50.0,1.0,True,True,1.0,0,0,1.0,0.5,0.5,1.0,0.06,False,2.3654010854473153,3.2988429394723435,0.4883045268467248,0.9542873690822279,0.02,0.0040000000000000036,-0.007000000000000006,0.9547977672674866,0.969,0.55,0.025770642381233257,3.880384451449382,0.25,0.25
spice_hybrid_purity_412_lockin,p032,p032_h025_cascaded_96c_75ohm,,True,True,,,,,,,,,,,,,,,,,,,,,,,,,,,,,,,,,,,,hybrid_varactor_plus_magnetic_line,discovery,p032_h025_cascaded_96c_75ohm.cir,p032_h025_cascaded_96c_75ohm_tran.csv,ran_successfully,,wsl:ngspice,True,False,False,False,False,96,75.0,0.5,0.005208333333333333,7.659313725490196e-08,1.3616557734204793e-11,50000000.0,100000000.0,150000000.0,2.7,3.4,0.82,3.427534243096658e-11,0.3,0.62,0.6,1,cascaded,5,very_high,220.0,Aggressive five-stage high-Q purity filter from probe.,50893026.19122974,99362574.94478187,150255601.1360116,132937.02436984377,106917.5578681319,230106.74756060808,1.180640880076858,0.36156734692661413,0.976677124360778,0.99951761324622,2.1141452398828795,0.4542312406272032,0.06227469674664059,0.10557160280521687,0.17921186319533344,0.0,0.0,75.0,5100000.0,2.4509803921568632e-12,311689040.55116785,2.280801329856107,0.00022584340939593885,0.42160778884786815,1.1191986701438927,6.631835945754168e-10,0.7892046124069576,aggressive-but-testable,0.2,0.6476381591141719,reject_due_to_low_purity,varactor_first_then_magnetic,0,0.0,70.0,1.0,True,True,1.0,0,0,1.0,0.5,0.5,1.0,0.06,False,2.3828340053311674,3.3288032357345605,0.48962910982320046,0.9593593977383509,0.02,0.0040000000000000036,-0.007000000000000006,0.9547977672674866,0.969,0.55,0.023422654935992673,4.269370840891907,0.25,0.25
spice_hybrid_purity_412_lockin,p033,p033_h025_single_high_q_96c_75ohm,,True,True,,,,,,,,,,,,,,,,,,,,,,,,,,,,,,,,,,,,hybrid_varactor_plus_magnetic_line,discovery,p033_h025_single_high_q_96c_75ohm.cir,p033_h025_single_high_q_96c_75ohm_tran.csv,ran_successfully,,wsl:ngspice,True,False,False,False,False,96,75.0,0.5,0.005208333333333333,7.659313725490196e-08,1.3616557734204793e-11,50000000.0,100000000.0,150000000.0,2.7,3.4,0.82,3.427534243096658e-11,0.3,0.62,0.6,1,single_high_q,1,high,100.0,Low-load weak post-filter purity probe.,50897162.81843989,99370651.21695408,150267814.03539398,136608.74196138245,111163.45474016927,239162.52080556963,1.171056682388714,0.36866369684543365,0.9792152322403703,0.9996609110501243,2.1556387943449766,0.45717823044379036,0.059787867045888024,0.10402870008570696,0.17681821700438838,0.0,0.0,75.0,5100000.0,2.4509803921568632e-12,311689040.55116785,2.280024857879501,0.0002232553723432721,0.5104068505263077,1.119975142120499,2.8407830902241284e-09,0.7889359369825263,aggressive-but-testable,0.195,0.6471576112077698,reject_due_to_low_purity,varactor_first_then_magnetic,0,0.0,24.0,1.5,True,True,1.0,0,0,1.0,0.5,0.5,1.0,0.06,False,2.4321463038673046,3.327310869672222,0.4911593119298829,0.9652516464292695,0.02,0.0040000000000000036,-0.007000000000000006,0.9547977672674866,0.969,0.55,0.02835593614035043,3.5265984344526804,0.25,0.25
spice_hybrid_purity_412_lockin,p034,p034_h025_single_high_q_96c_75ohm,,True,True,,,,,,,,,,,,,,,,,,,,,,,,,,,,,,,,,,,,hybrid_varactor_plus_magnetic_line,discovery,p034_h025_single_high_q_96c_75ohm.cir,p034_h025_single_high_q_96c_75ohm_tran.csv,ran_successfully,,wsl:ngspice,True,False,False,False,False,96,75.0,0.5,0.005208333333333333,7.659313725490196e-08,1.3616557734204793e-11,50000000.0,100000000.0,150000000.0,2.7,3.4,0.82,3.427534243096658e-11,0.3,0.62,0.6,1,single_high_q,1,high,130.0,Moderate-load weak post-filter purity probe.,50897027.1434722,99370386.32773145,150267413.47120366,133482.23208635868,110107.33801231036,224800.10104075004,1.1562442278269847,0.3565527842940078,0.9838167686970094,0.9996906852159153,2.084824246684976,0.4456514978149,0.058802588692681755,0.11062537117512176,0.14410087862503074,0.0,0.0,75.0,5100000.0,2.4509803921568632e-12,311689040.55116785,2.2807913631719137,0.00021880243302316876,0.6067603920371352,1.1192086368280862,5.7217217680536856e-09,0.7892011637273059,aggressive-but-testable,0.195,0.6439119922912926,reject_due_to_low_purity,varactor_first_then_magnetic,0,0.0,24.0,1.5,True,True,1.0,0,0,1.0,0.5,0.5,1.0,0.06,False,2.263730417947868,3.0998023896696973,0.47994248142554985,0.9228642299819813,0.02,0.0040000000000000036,-0.007000000000000006,0.9547977672674866,0.969,0.55,0.03370891066872973,2.966574653887157,0.25,0.25
spice_hybrid_purity_412_lockin,c001,linear_fixed_component_line,,True,True,,,,,,,,,,,,,,,,,,,,,,,,,,,,,,,,,,,,linear_fixed_component_line,control,linear_fixed_component_line.cir,linear_fixed_component_line_tran.csv,ran_successfully,,wsl:ngspice,True,False,False,False,False,96,75.0,0.5,0.005208333333333333,7.689468503937008e-08,1.3670166229221346e-11,50000000.0,100000000.0,150000000.0,2.6,3.1,0.0,0.0,0.3,0.62,0.6,1,single_high_q,1,medium,150.0,Linear fixed-component control.,50891240.59671188,87242126.73722038,133286582.5151978,99347.02184254813,2.0621601592690006,0.011704339737656609,0.6199869706950292,3.636822143087365e-05,0.35021237718393783,0.6809729687959062,0.00021265112260453553,5.696509611620612e-08,1.48173551105988,0.39274836343816666,2.7662302268461967,24.0,0.0,75.0,5080000.0,0.0,310466730.5882221,1.6715916299262432,0.000271481846936711,0.4206241257371483,1.4284083700737569,3.637794287218477e-09,0.6343801252092005,plausible,0.02,0.6190813555863739,control_dead,varactor_first_then_magnetic,0,0.0,22.0,0.0,True,True,1.0,0,0,1.0,0.5,0.5,1.0,0.06,False,-69.28807933246549,-22.459754726655234,1.1781022921607111e-07,1.1781024309532284e-07,0.016,0.0029999999999998916,-0.0050000000000000044,0.7421085008479794,0.9760000000000001,0.0,0.02336800698539713,999.0,0.25,0.25
spice_hybrid_purity_412_lockin,c002,varactor_only_tuned_extraction,,True,True,,,,,,,,,,,,,,,,,,,,,,,,,,,,,,,,,,,,varactor_only_tuned_extraction,control,varactor_only_tuned_extraction.cir,varactor_only_tuned_extraction_tran.csv,ran_successfully,,wsl:ngspice,True,False,False,False,False,96,75.0,0.5,0.005208333333333333,7.689468503937008e-08,1.3670166229221346e-11,50000000.0,100000000.0,150000000.0,2.6,3.1,0.82,3.28456906482186e-11,0.3,0.62,0.6,1,single_high_q,1,medium,150.0,Varactor-only tuned extraction control.,50896248.050633095,99368865.24171223,150265113.29234532,169846.3228473084,15936.454295129584,335927.6286420277,1.6635315633975043,0.5451175792701296,0.8126884094577628,0.9887727571103,3.1873943960551623,0.5700010281358454,0.3772590085838064,0.17707359798062372,0.16773101300863202,0.0,1.0,75.0,5080000.0,2.460629921259843e-12,310466730.5882221,2.343211805198769,0.0002905084618513112,0.8304106938550903,0.7567881948012309,1.1137407242187856e-08,0.8892644422006715,aggressive-but-testable,0.08,0.7499513849333711,reject_due_to_control_leakage,varactor_first_then_magnetic,0,0.0,22.0,0.0,True,True,1.0,0,0,1.0,0.5,0.5,1.0,0.06,False,2.9618957533083994,13.238540226723192,0.643896738338797,1.8081742226539925,0.016,0.0029999999999998916,-0.0050000000000000044,0.7421085008479794,0.9760000000000001,0.0,0.8304106938550903,999.0,0.25,0.25
spice_hybrid_purity_412_lockin,c003,magnetic_only_tuned_extraction,,True,True,,,,,,,,,,,,,,,,,,,,,,,,,,,,,,,,,,,,magnetic_only_tuned_extraction,control,magnetic_only_tuned_extraction.cir,magnetic_only_tuned_extraction_tran.csv,ran_successfully,,wsl:ngspice,True,False,False,False,False,96,75.0,0.5,0.005208333333333333,7.689468503937008e-08,1.3670166229221346e-11,50000000.0,100000000.0,150000000.0,2.6,3.1,0.0,0.0,0.3,0.62,0.6,1,single_high_q,1,medium,150.0,Magnetic-only tuned extraction control.,50891240.59671188,87242126.73722038,133286582.5151978,99885.26116436275,2.0386047285688162,0.011690960185859469,0.622094992254235,3.561482511454038e-05,0.35019817305234174,0.6807771201791953,0.0002082458873158396,6.389391501108965e-08,1.4822264225243784,0.3923906462177851,2.7663456849620074,24.0,0.0,75.0,5080000.0,0.0,310466730.5882221,1.670554433726881,0.0002710845695933403,0.420151886474594,1.4294455662731191,3.63671288021715e-09,0.6339865023631427,plausible,0.19,0.6193446418277584,control_dead,varactor_first_then_magnetic,0,0.0,22.0,0.0,True,True,1.0,0,0,1.0,0.5,0.5,1.0,0.06,False,-69.31651227971385,-22.414828457249293,1.1704149420955333e-07,1.170415079082663e-07,0.016,0.0029999999999998916,-0.0050000000000000044,0.7421085008479794,0.9760000000000001,0.85,0.023341771470810777,4.284164984009523,0.25,0.25
spice_hybrid_purity_412_lockin,c004,weak_hybrid_line,,True,True,,,,,,,,,,,,,,,,,,,,,,,,,,,,,,,,,,,,weak_hybrid_line,control,weak_hybrid_line.cir,weak_hybrid_line_tran.csv,ran_successfully,,wsl:ngspice,True,False,False,False,False,96,75.0,0.5,0.005208333333333333,7.689468503937008e-08,1.3670166229221346e-11,50000000.0,100000000.0,150000000.0,2.6,14.0,0.1,9.105571427653637e-12,0.3,0.62,0.6,1,single_high_q,1,medium,150.0,Weak hybrid control.,50885401.243712,96924573.79754665,150233089.38619733,128206.34115706763,3.44055451503248,0.020608678296226153,0.6908419093824861,1.3897588189380297e-05,0.296517877629866,0.8925120818715249,8.12615413592487e-05,2.0152532061013072e-07,1.1576528871066665,0.40549471474546855,2.7834329908763107,27.0,0.0,75.0,5080000.0,1.2303149606299211e-11,310466730.5882221,1.7961514160860335,0.0001995252210818407,0.4213217891800726,12.203848583913967,3.425388726166201e-08,0.8775639675603352,aggressive-but-testable,0.19,0.5187423588256687,control_dead,varactor_first_then_magnetic,0,0.0,22.0,0.0,True,True,1.0,0,0,1.0,0.5,0.5,1.0,0.06,False,-67.93859366252902,-22.22578303654901,1.60741830369154e-07,1.607418562070942e-07,0.016,0.0029999999999998916,-0.0050000000000000044,0.7421085008479794,0.9760000000000001,0.08,0.02340676606555959,10.680672387624137,0.25,0.25
spice_hybrid_purity_412_lockin,c005,detuned_150mhz_phase_velocity_line,,True,True,,,,,,,,,,,,,,,,,,,,,,,,,,,,,,,,,,,,detuned_150mhz_phase_velocity_line,control,detuned_150mhz_phase_velocity_line.cir,detuned_150mhz_phase_velocity_line_tran.csv,ran_successfully,,wsl:ngspice,True,False,False,False,False,96,75.0,0.5,0.005208333333333333,1.001602564102564e-07,1.7806267806267805e-11,50000000.0,100000000.0,150000000.0,2.6,3.1,0.82,4.2783617562294995e-11,0.3,0.62,0.6,1,single_high_q,1,medium,150.0,Detuned 150 MHz phase-velocity control.,50893588.749859184,99363673.2735346,150257262.02339378,407489.3302944294,246148.03857137187,18423.69541999631,0.7830121389630297,0.05079923326538952,0.8905579871103991,0.9872830856636357,0.29703168195528784,0.026649273356818957,0.03948844354581244,0.2834835905927405,0.884778462111115,0.0,0.0,75.0,3900000.0000000005,3.2051282051282062e-12,238350442.77442247,2.533188218179739,0.0002279239765006593,0.5378437401092324,0.5668117818202609,3.85691906405315e-08,0.9613617526298821,aggressive-but-testable,0.19,0.5207837045491749,control_dead,varactor_first_then_magnetic,0,0.0,22.0,0.0,True,True,1.0,0,0,1.0,0.5,0.5,1.0,0.06,False,-13.447394963812672,-11.25819634178926,0.027413722352112837,0.028186416960776447,-0.22,0.0029999999999998916,-0.18,16.23156204354726,0.9760000000000001,0.65,0.029880207783846244,3.3466969414470316,0.25,0.25
spice_hybrid_purity_412_lockin,c006,shuffled_frequency_line,,True,True,,,,,,,,,,,,,,,,,,,,,,,,,,,,,,,,,,,,shuffled_frequency_line,control,shuffled_frequency_line.cir,shuffled_frequency_line_tran.csv,ran_successfully,,wsl:ngspice,True,False,False,False,False,96,75.0,0.5,0.005208333333333333,6.009615384615384e-08,1.0683760683760684e-11,50000000.0,100000000.0,150000000.0,2.6,3.1,0.82,2.5670170537376998e-11,0.3,0.62,0.6,1,single_high_q,1,medium,150.0,Shuffled frequency control.,50885652.101116255,99348177.91170317,150233830.01281944,1072942.0395841198,235675.68806522514,135999.47209663616,1.161651263720279,0.2056730684077552,0.9964904586523996,0.9991962616000137,1.2026051086814975,0.08129844493060853,0.020566955621208326,0.11305075117636867,0.2119243767180894,0.0,0.0,75.0,6500000.0,1.9230769230769244e-12,397250737.9573708,2.6211702020462666,0.0002727403712532241,1.3297602393247547,0.4788297979537335,1.2405768138604904e-08,0.9947514998278052,aggressive-but-testable,0.19,0.5623930264679119,control_dead,varactor_first_then_magnetic,0,0.0,22.0,0.0,True,True,1.0,0,0,1.0,0.5,0.5,1.0,0.06,False,-8.970390393854341,-2.3877756110549964,0.09414222128917615,0.10392605053649277,0.3,-0.12,0.12,13.049692561065296,0.9760000000000001,0.65,0.07387556885137526,1.353627478675427,0.25,0.25
spice_hybrid_purity_412_lockin,c007,too_short_line,,True,True,,,,,,,,,,,,,,,,,,,,,,,,,,,,,,,,,,,,too_short_line,control,too_short_line.cir,too_short_line_tran.csv,ran_successfully,,wsl:ngspice,True,False,False,False,False,96,75.0,0.05,0.0005208333333333333,7.689468503937008e-09,1.3670166229221347e-12,50000000.0,100000000.0,150000000.0,2.6,3.1,0.82,3.28456906482186e-12,0.3,0.62,0.6,1,single_high_q,1,medium,150.0,Too-short interaction control.,50875860.43199847,99329060.84342559,150204921.27542406,901160.7776259822,678.0957176404028,62.48584226733842,0.9090871767144766,0.0004686169164529421,0.2920526702050089,0.9999969828972977,0.002740082122096783,5.897201978145142e-05,0.002615880460511117,0.19350826618079364,2.907460681204509,26.0,0.0,75.0,5080000.0,2.460629921259843e-13,3104667305.8822207,1.8208236350028428,0.0002900850813997333,0.44757269444266284,1.2791763649971573,3.442020294808593e-08,0.6910146622401682,plausible,0.19,0.5654489418423925,control_dead,varactor_first_then_magnetic,0,0.0,22.0,0.0,True,True,1.0,0,0,1.0,0.5,0.5,1.0,0.06,False,-41.59020652911323,-10.355093735002638,6.928234626871156e-05,6.928714664479737e-05,0.016,0.0029999999999998916,-0.0050000000000000044,0.07421085008479796,0.9760000000000001,0.65,0.024865149691259046,4.021693062043115,0.25,0.25
spice_hybrid_purity_412_lockin,c008,too_lossy_line,,True,True,,,,,,,,,,,,,,,,,,,,,,,,,,,,,,,,,,,,too_lossy_line,control,too_lossy_line.cir,too_lossy_line_tran.csv,ran_successfully,,wsl:ngspice,True,False,False,False,False,96,75.0,0.5,0.005208333333333333,7.689468503937008e-08,1.3670166229221346e-11,50000000.0,100000000.0,150000000.0,2.6,3.1,0.82,3.28456906482186e-11,0.3,0.62,0.6,1,single_high_q,1,medium,150.0,Too-lossy control.,50880902.04369113,99338903.99006362,150219806.03375477,121886.29122974364,73677.45624758756,43215.64986311933,0.9599333969809256,0.08969346688257722,0.9825448874053033,0.9988354234842101,0.5244528237138647,0.16416718960595986,0.03521992830440027,0.16076456382469162,0.2148042042901861,0.0,0.0,75.0,5080000.0,2.460629921259843e-12,310466730.5882221,1.4427966884481915,0.00022616296003212307,0.36084806153202287,1.6572033115518086,6.538321261249476e-09,0.5475509254072833,plausible,0.19,0.6142782947513488,control_dead,varactor_first_then_magnetic,0,0.0,22.0,0.0,True,True,1.0,0,0,1.0,0.5,0.5,1.0,0.06,False,-4.503138143173751,-2.3169357503855976,0.18098567273583768,0.2209798616593225,0.016,0.0029999999999998916,-0.0050000000000000044,0.7421085008479794,0.9760000000000001,0.65,0.020047114529556827,4.988249049635707,1.0,2.0
spice_hybrid_purity_412_lockin,c009,phase_mismatched_hybrid_line,,True,True,,,,,,,,,,,,,,,,,,,,,,,,,,,,,,,,,,,,phase_mismatched_hybrid_line,control,phase_mismatched_hybrid_line.cir,phase_mismatched_hybrid_line_tran.csv,ran_successfully,,wsl:ngspice,True,False,False,False,False,96,75.0,0.5,0.005208333333333333,9.527439024390244e-08,1.6937669376693767e-11,50000000.0,100000000.0,150000000.0,2.6,3.1,0.82,4.06966118275489e-11,0.3,0.62,0.6,1,single_high_q,1,medium,150.0,Phase-mismatched hybrid control.,50894257.25788743,99364978.45587546,150259235.71376288,373329.59957206406,171450.5396870956,9951.177086056474,0.6787305113723654,0.028976552279007587,0.9419640065673495,0.9898232859862889,0.16943078679423756,0.01598360721544972,0.08653092880946804,0.3206458772821815,1.0629056549102265,3.0,0.0,75.0,4100000.0,3.0487804878048784e-12,250573542.40388003,2.1207138822923484,0.00020338819819667257,0.6709264135998239,0.9792861177076517,3.855991574856648e-08,0.8048250027674947,aggressive-but-testable,0.19,0.5296272585172214,control_dead,varactor_first_then_magnetic,0,0.0,22.0,0.0,True,True,1.0,0,0,1.0,0.5,0.5,1.0,0.06,False,-15.742179696958376,-12.362644017225096,0.017938733208030633,0.01826640945389266,-0.18,-0.09,0.22,18.772931710475593,0.9760000000000001,0.65,0.03727368964443466,2.6828575586138954,0.25,0.25
spice_hybrid_purity_412_lockin,c010,target_extraction_no_nonlinearity,,True,True,,,,,,,,,,,,,,,,,,,,,,,,,,,,,,,,,,,,target_extraction_no_nonlinearity,control,target_extraction_no_nonlinearity.cir,target_extraction_no_nonlinearity_tran.csv,ran_successfully,,wsl:ngspice,True,False,False,False,False,96,75.0,0.5,0.005208333333333333,7.689468503937008e-08,1.3670166229221346e-11,50000000.0,100000000.0,150000000.0,2.6,3.1,0.0,0.0,0.3,0.62,0.6,1,single_high_q,1,medium,150.0,Target extraction with no nonlinearity.,50891240.59671188,87242126.73722038,133286582.5151978,99347.02184254813,2.0621601592690006,0.011704339737656609,0.6199869706950292,3.636822143087365e-05,0.35021237718393783,0.6809729687959062,0.00021265112260453553,5.696509611620612e-08,1.48173551105988,0.39274836343816666,2.7662302268461967,24.0,0.0,75.0,5080000.0,0.0,310466730.5882221,1.6715916299262432,0.000271481846936711,0.4206241257371483,1.4284083700737569,3.637794287218477e-09,0.6343801252092005,plausible,0.02,0.6190813555863739,control_dead,varactor_first_then_magnetic,0,0.0,22.0,0.0,True,True,1.0,0,0,1.0,0.5,0.5,1.0,0.06,False,-69.28807933246549,-22.459754726655234,1.1781022921607111e-07,1.1781024309532284e-07,0.016,0.0029999999999998916,-0.0050000000000000044,0.7421085008479794,0.9760000000000001,0.0,0.02336800698539713,999.0,0.25,0.25
spice_hybrid_purity_412_lockin,c011,hybrid_nonlinearity_no_target_extraction,,True,True,,,,,,,,,,,,,,,,,,,,,,,,,,,,,,,,,,,,hybrid_nonlinearity_no_target_extraction,control,hybrid_nonlinearity_no_target_extraction.cir,hybrid_nonlinearity_no_target_extraction_tran.csv,ran_successfully,,wsl:ngspice,True,False,False,False,False,96,75.0,0.5,0.005208333333333333,7.689468503937008e-08,1.3670166229221346e-11,50000000.0,100000000.0,150000000.0,1.8,3.1,0.55,2.2030646166488088e-11,0.3,0.62,0.6,1,none,1,medium,150.0,Hybrid nonlinearity with target extraction removed and absorber loading retained.,50886150.619383946,99349151.20927343,150235301.82865736,408372.8120560297,30314.113420153877,4382.025525872734,0.7871839762311513,0.009830822749094716,0.8154799231922192,0.9996674977270377,0.05748247814908274,0.0084055604856539,0.004426545165043972,0.3977906203768756,2.8957978271760925,18.0,0.0,75.0,5080000.0,6.1515748031496054e-12,310466730.5882221,1.188640044303561,0.00012352057002918074,1.2597235938465492,1.9113599556964391,2.804581487899017e-07,0.45109679100704403,plausible,0.19,0.5864996595616907,control_dead,varactor_first_then_magnetic,0,0.0,22.0,0.0,False,False,1.0,0,0,1.0,0.5,0.5,1.0,0.06,False,-19.69381917610607,-8.399699681356694,0.009890166115143548,0.009988958574765264,0.016,0.0029999999999998916,-0.0050000000000000044,0.7421085008479794,0.9760000000000001,0.3,0.06998464410258606,1.428884882995423,0.25,0.25
spice_hybrid_purity_412_lockin,direct_50plus100_reference,direct_50plus100_reference,,True,True,,,,,,,,,,,,,,,,,,,,,,,,,,,,,,,,,,,,direct_50plus100_reference,ceiling_reference,direct_50plus100_reference.cir,direct_50plus100_reference_tran.csv,ran_successfully,,wsl:ngspice,False,True,False,False,False,96,75.0,0.5,0.005208333333333333,7.689468503937008e-08,1.3670166229221346e-11,50000000.0,100000000.0,150000000.0,2.6,3.1,0.82,3.28456906482186e-11,0.3,0.62,0.6,1,single_high_q,1,medium,150.0,Separated direct 50+100 MHz ceiling denominator only.,50881118.881116524,101762237.76223305,150220446.22043926,86650.77137788733,2395.97419383591,90519.98311763347,2.1795139827635457,0.1710229458722734,0.8856817690319791,0.984574820329708,1.0,0.46171022619077984,0.3790258433326517,0.25294314374295557,0.4936115051413845,0.0,0.0,75.0,5080000.0,2.460629921259843e-12,310466730.5882221,1.2461853612575065,0.00031489250577886486,0.5734726475154968,1.8538146387424936,1.0206206750617209e-08,0.4729356209705907,plausible,0.08,0.8228651177992049,ceiling_reference_not_discovery,varactor_first_then_magnetic,0,0.0,22.0,0.0,True,True,1.0,0,0,1.0,0.5,0.5,1.0,0.06,False,0.18972031064530342,15.77262328169896,0.5041022007714437,1.0165445411446687,0.016,0.0029999999999998916,-0.0050000000000000044,0.7421085008479794,0.9760000000000001,0.0,0.5734726475154968,999.0,0.25,0.25
